system_name,sy_snum,sy_pnum,sy_mnum
11 Com,2,1,0
11 UMi,1,1,0
14 And,1,1,0
14 Her,1,1,0
16 Cyg B,3,1,0
18 Del,2,1,0
1RXS J160929.1-210524,1,1,0
24 Boo,1,1,0
24 Sex,1,2,0
2MASS J01033563-5515561 A,2,1,0
2MASS J01225093-2439505,1,1,0
2MASS J02192210-3925225,1,1,0
2MASS J04414489+2301513,1,1,0
2MASS J12073346-3932539,1,1,0
2MASS J19383260+4603591,2,1,0
2MASS J21402931+1625183 A,1,1,0
2MASS J22362452+4751425,1,1,0
30 Ari B,4,1,0
4 UMa,1,1,0
42 Dra,2,1,0
47 UMa,1,3,0
51 Eri,3,1,0
51 Peg,1,1,0
55 Cnc,2,5,0
6 Lyn,1,1,0
61 Vir,1,3,0
7 CMa,1,2,0
70 Vir,1,1,0
75 Cet,2,1,0
8 UMi,1,1,0
81 Cet,1,1,0
91 Aqr,3,1,0
AB Pic,1,1,0
AU Mic,1,1,0
BD+03 2562,1,1,0
BD+14 4559,1,1,0
BD+15 2375,1,1,0
BD+15 2940,1,1,0
BD+20 2457,1,2,0
BD+20 274,1,1,0
BD+20 594,1,1,0
BD+48 738,1,1,0
BD+48 740,1,1,0
BD+49 828,1,1,0
BD-06 1339,1,2,0
BD-08 2823,1,2,0
BD-10 3166,1,1,0
BD-11 4672,1,2,0
BD-13 2130,1,1,0
BD-17 63,1,1,0
CFBDSIR J145829+101343,1,1,0
CHXR 73,1,1,0
CI Tau,1,1,0
CT Cha,1,1,0
CoRoT-1,1,1,0
CoRoT-10,1,1,0
CoRoT-11,1,1,0
CoRoT-12,1,1,0
CoRoT-13,1,1,0
CoRoT-14,1,1,0
CoRoT-16,1,1,0
CoRoT-17,1,1,0
CoRoT-18,1,1,0
CoRoT-19,1,1,0
CoRoT-2,2,1,0
CoRoT-20,1,2,0
CoRoT-21,1,1,0
CoRoT-22,1,1,0
CoRoT-23,1,1,0
CoRoT-24,1,2,0
CoRoT-25,1,1,0
CoRoT-26,1,1,0
CoRoT-27,1,1,0
CoRoT-28,1,1,0
CoRoT-29,1,1,0
CoRoT-3,1,1,0
CoRoT-30,1,1,0
CoRoT-31,1,1,0
CoRoT-4,1,1,0
CoRoT-5,1,1,0
CoRoT-6,1,1,0
CoRoT-7,1,2,0
CoRoT-8,1,1,0
CoRoT-9,2,1,0
CoRoTID 223977153,1,1,0
DE CVn,2,1,0
DENIS-P J082303.1-491201,1,1,0
DH Tau,1,1,0
DMPP-1,1,4,0
DMPP-2,1,1,0
DMPP-3 A,2,1,0
DP Leo,2,1,0
DS Tuc A,2,1,0
EPIC 201170410,1,1,0
EPIC 201238110,1,1,0
EPIC 201497682,1,1,0
K2-166,1,2,0
K2-16,1,3,0
EPIC 201757695,1,1,0
K2-50,1,2,0
EPIC 201841433,1,1,0
K2-168,1,2,0
EPIC 206024342,1,1,0
EPIC 206032309,1,1,0
EPIC 206042996,1,1,0
EPIC 206215704,1,1,0
EPIC 206317286,1,1,0
EPIC 211822797,1,1,0
EPIC 211945201,1,1,0
EPIC 212297394,1,1,0
EPIC 212424622,1,1,0
EPIC 212499991,1,1,0
EPIC 212587672,1,1,0
EPIC 212737443,1,2,0
K2-282,1,2,0
EPIC 220674823,1,2,0
EPIC 246851721,2,1,0
EPIC 248847494,1,1,0
EPIC 249893012,1,3,0
FU Tau,1,1,0
G 9-40,1,1,0
GJ 1061,1,3,0
GJ 1132,1,2,0
GJ 1148,1,2,0
GJ 1151,1,1,0
GJ 1214,1,1,0
GJ 1252,1,1,0
GJ 1265,1,1,0
GJ 143,1,2,0
GJ 15 A,2,2,0
GJ 160.2,1,1,0
GJ 163,1,3,0
GJ 179,1,1,0
GJ 180,1,3,0
GJ 2056,1,1,0
GJ 229,2,2,0
GJ 251,1,1,0
GJ 27.1,1,1,0
GJ 273,1,2,0
GJ 3021,2,1,0
GJ 3082,1,1,0
GJ 3138,1,3,0
GJ 317,1,2,0
GJ 328,1,1,0
GJ 3293,1,4,0
GJ 3323,1,2,0
GJ 3341,1,1,0
GJ 338 B,2,1,0
GJ 3470,1,1,0
GJ 3473,2,2,0
GJ 3512,1,1,0
GJ 357,1,3,0
GJ 3634,1,1,0
GJ 3779,1,1,0
GJ 3942,1,1,0
GJ 3998,1,2,0
GJ 411,1,1,0
GJ 414 A,2,2,0
GJ 422,1,1,0
GJ 4276,1,1,0
GJ 433,1,3,0
GJ 436,1,1,0
GJ 480,1,1,0
GJ 486,1,1,0
GJ 504,1,1,0
GJ 536,1,1,0
GJ 581,1,3,0
GJ 625,1,1,0
GJ 649,1,1,0
GJ 667 C,3,5,0
GJ 674,1,1,0
GJ 676 A,2,4,0
GJ 682,1,2,0
GJ 685,1,1,0
GJ 687,1,2,0
GJ 740,1,1,0
GJ 832,1,2,0
GJ 849,1,1,0
GJ 86,2,1,0
GJ 876,1,4,0
GJ 887,1,2,0
GJ 9066,1,2,0
GJ 96,1,1,0
GJ 9827,1,3,0
GQ Lup,1,1,0
GSC 06214-00210,1,1,0
GU Psc,1,1,0
Gl 378,1,1,0
Gl 49,2,1,0
Gl 686,1,1,0
HAT-P-1,2,1,0
HAT-P-11,1,2,0
HAT-P-12,1,1,0
HAT-P-13,1,2,0
HAT-P-14,2,1,0
HAT-P-15,1,1,0
HAT-P-16,3,1,0
HAT-P-17,1,2,0
HAT-P-18,1,1,0
HAT-P-19,1,1,0
HAT-P-2,1,1,0
HAT-P-20,1,1,0
HAT-P-21,1,1,0
HAT-P-22,2,1,0
HAT-P-23,1,1,0
HAT-P-24,2,1,0
HAT-P-25,1,1,0
HAT-P-26,1,1,0
HAT-P-27,2,1,0
HAT-P-28,1,1,0
HAT-P-29,2,1,0
HAT-P-3,2,1,0
HAT-P-30,2,1,0
HAT-P-31,1,1,0
HAT-P-32,2,1,0
HAT-P-33,2,1,0
HAT-P-34,1,1,0
HAT-P-35,3,1,0
HAT-P-36,1,1,0
HAT-P-37,1,1,0
HAT-P-38,1,1,0
HAT-P-39,2,1,0
HAT-P-4,2,1,0
HAT-P-40,1,1,0
HAT-P-41,2,1,0
HAT-P-42,1,1,0
HAT-P-43,1,1,0
HAT-P-44,1,2,0
HAT-P-45,1,1,0
HAT-P-46,1,1,0
HAT-P-49,1,1,0
HAT-P-5,1,1,0
HAT-P-50,1,1,0
HAT-P-51,1,1,0
HAT-P-52,1,1,0
HAT-P-53,1,1,0
HAT-P-54,1,1,0
HAT-P-55,1,1,0
HAT-P-56,1,1,0
HAT-P-57,3,1,0
HAT-P-6,1,1,0
HAT-P-65,1,1,0
HAT-P-66,1,1,0
HAT-P-67,2,1,0
HAT-P-68,1,1,0
HAT-P-69,1,1,0
HAT-P-7,2,1,0
HAT-P-70,1,1,0
HAT-P-8,3,1,0
HAT-P-9,1,1,0
HATS-1,1,1,0
HATS-10,1,1,0
HATS-11,1,1,0
HATS-12,1,1,0
HATS-13,1,1,0
HATS-14,1,1,0
HATS-15,1,1,0
HATS-16,1,1,0
HATS-17,1,1,0
HATS-18,1,1,0
HATS-2,1,1,0
HATS-22,1,1,0
HATS-23,1,1,0
HATS-24,1,1,0
HATS-25,1,1,0
HATS-26,1,1,0
HATS-27,1,1,0
HATS-28,1,1,0
HATS-29,1,1,0
HATS-3,1,1,0
HATS-30,2,1,0
HATS-31,1,1,0
HATS-32,1,1,0
HATS-33,1,1,0
HATS-34,1,1,0
HATS-35,1,1,0
HATS-36,1,1,0
HATS-37 A,2,1,0
HATS-38,1,1,0
HATS-39,1,1,0
HATS-4,1,1,0
HATS-40,1,1,0
HATS-41,1,1,0
HATS-42,1,1,0
HATS-43,1,1,0
HATS-44,1,1,0
HATS-45,1,1,0
HATS-46,1,1,0
HATS-47,1,1,0
HATS-48 A,2,1,0
HATS-49,1,1,0
HATS-5,1,1,0
HATS-50,1,1,0
HATS-51,1,1,0
HATS-52,1,1,0
HATS-53,1,1,0
HATS-54,1,1,0
HATS-55,1,1,0
HATS-56,1,1,0
HATS-57,1,1,0
HATS-58 A,2,1,0
HATS-59,1,2,0
HATS-6,1,1,0
HATS-60,1,1,0
HATS-61,1,1,0
HATS-62,1,1,0
HATS-63,1,1,0
HATS-64,1,1,0
HATS-65,2,1,0
HATS-66,1,1,0
HATS-67,1,1,0
HATS-68,1,1,0
HATS-69,1,1,0
HATS-7,1,1,0
HATS-70,1,1,0
HATS-71,1,1,0
HATS-72,1,1,0
HATS-8,1,1,0
HATS-9,1,1,0
HD 100546,1,1,0
HD 100655,2,1,0
HD 100777,1,1,0
HD 10180,1,6,0
HD 101930,2,1,0
HD 102117,1,1,0
HD 102195,1,1,0
HD 102272,1,1,0
HD 102329,1,2,0
HD 102365,2,1,0
HD 102843,1,1,0
HD 102956,2,1,0
HD 103197,1,1,0
HD 103720,1,1,0
HD 103774,2,1,0
HD 103949,1,1,0
HD 104067,1,1,0
HD 10442,1,1,0
HD 104985,1,1,0
HD 106252,1,1,0
HD 106270,1,1,0
HD 106315,1,2,0
HD 10647,1,1,0
HD 106515 A,2,1,0
HD 106906,1,1,0
HD 10697,1,1,0
HD 107148,2,1,0
HD 108147,1,1,0
HD 108236,1,5,0
HD 108341,2,1,0
HD 108863,1,1,0
HD 108874,1,2,0
HD 109246,1,1,0
HD 109271,1,2,0
HD 109749,2,1,0
HD 110014,1,1,0
HD 110082,2,1,0
HD 110113,1,2,0
HD 111232,1,1,0
HD 111591,1,1,0
HD 111998,1,1,0
HD 112640,1,1,0
HD 113337,1,1,0
HD 113538,1,2,0
HD 113996,2,1,0
HD 114386,1,1,0
HD 114613,1,1,0
HD 114729,2,1,0
HD 114762,2,1,0
HD 114783,1,2,0
HD 11506,1,2,0
HD 116029,2,2,0
HD 117207,1,1,0
HD 11755,1,1,0
HD 117618,1,1,0
HD 118203,1,1,0
HD 11964,2,2,0
HD 11977,1,1,0
HD 120084,1,1,0
HD 121504,1,1,0
HD 12484,1,1,0
HD 125390,1,1,0
HD 125595,1,1,0
HD 125612,2,3,0
HD 12648,1,1,0
HD 126525,1,1,0
HD 12661,1,2,0
HD 126614,3,1,0
HD 128311,1,2,0
HD 128356,1,1,0
HD 129445,1,1,0
HD 130322,1,1,0
HD 131496,1,1,0
HD 131664,1,1,0
HD 13167,1,1,0
HD 13189,1,1,0
HD 132406,1,1,0
HD 132563,3,1,0
HD 133131 A,2,3,0
HD 133131 B,2,3,0
HD 134060,1,2,0
HD 134987,1,2,0
HD 136352,1,3,0
HD 136418,1,1,0
HD 137388,1,1,0
HD 13808,1,2,0
HD 13908,1,2,0
HD 13931,1,1,0
HD 139357,1,1,0
HD 1397,1,1,0
HD 14067,1,1,0
HD 141399,1,4,0
HD 141937,1,1,0
HD 142,2,2,0
HD 142022 A,2,1,0
HD 142245,3,1,0
HD 142415,1,1,0
HD 143105,1,1,0
HD 143361,1,1,0
HD 145377,1,1,0
HD 145457,1,1,0
HD 145934,1,1,0
HD 1461,1,2,0
HD 147018,1,2,0
HD 147379,2,1,0
HD 147513,2,1,0
HD 14787,1,1,0
HD 147873,2,2,0
HD 148156,1,1,0
HD 148164,1,2,0
HD 148427,1,1,0
HD 149026,1,1,0
HD 149143,1,1,0
HD 1502,1,1,0
HD 150706,1,1,0
HD 152079,1,1,0
HD 152581,1,1,0
HD 15337,1,2,0
HD 153950,1,1,0
HD 154345,1,1,0
HD 154672,1,1,0
HD 154857,1,2,0
HD 155233,2,1,0
HD 155358,1,2,0
HD 156279,1,2,0
HD 156411,1,1,0
HD 156668,1,1,0
HD 156846,2,1,0
HD 158038,1,1,0
HD 158259,1,5,0
HD 158996,1,1,0
HD 159243,1,2,0
HD 159868,1,2,0
HD 1605,1,2,0
HD 160691,1,4,0
HD 16141,2,1,0
HD 16175,1,1,0
HD 162020,1,1,0
HD 163607,1,2,0
HD 16417,2,1,0
HD 164509,2,1,0
HD 164595,2,1,0
HD 164604,1,1,0
HD 164922,1,3,0
HD 165155,1,1,0
HD 1666,1,1,0
HD 166724,1,1,0
HD 167042,1,1,0
HD 168443,1,2,0
HD 168746,1,1,0
HD 1690,1,1,0
HD 169830,1,2,0
HD 170469,2,1,0
HD 17092,1,1,0
HD 171028,1,1,0
HD 171238,1,1,0
HD 17156,1,1,0
HD 173416,1,1,0
HD 175167,1,1,0
HD 175541,1,1,0
HD 175607,1,1,0
HD 17674,1,1,0
HD 176986,1,2,0
HD 177565,1,1,0
HD 177830,2,2,0
HD 178911 B,3,1,0
HD 179079,1,1,0
HD 179949,1,1,0
HD 180053,1,1,0
HD 18015,1,1,0
HD 180314,1,1,0
HD 180617,2,1,0
HD 180902,2,1,0
HD 181234,1,1,0
HD 181342,1,1,0
HD 181433,1,3,0
HD 181720,1,1,0
HD 183263,1,2,0
HD 183579,1,1,0
HD 185269,3,1,0
HD 187085,1,1,0
HD 187123,1,2,0
HD 18742,1,1,0
HD 188015,2,1,0
HD 189733,2,1,0
HD 190007,1,1,0
HD 190360,2,2,0
HD 190647,1,1,0
HD 190984,1,1,0
HD 191806,1,1,0
HD 191939,1,3,0
HD 192263,1,1,0
HD 192310,1,2,0
HD 192699,1,1,0
HD 195019,2,1,0
HD 196050,3,1,0
HD 196067,2,1,0
HD 196885 A,2,1,0
HD 197037,2,1,0
HD 19994,3,1,0
HD 20003,1,2,0
HD 200964,1,2,0
HD 202206,2,1,0
HD 202696,1,2,0
HD 202772 A,2,1,0
HD 203030,1,1,0
HD 203473,1,1,0
HD 2039,1,1,0
HD 204313,1,2,0
HD 204941,2,1,0
HD 205739,1,1,0
HD 206255,1,1,0
HD 206610,1,1,0
HD 20781,2,5,0
HD 20782,2,5,0
HD 207832,3,2,0
HD 20794,1,4,0
HD 208487,1,1,0
HD 208527,1,1,0
HD 20868,1,1,0
HD 208897,1,1,0
HD 209458,1,1,0
HD 210193,1,1,0
HD 210277,1,1,0
HD 210702,1,1,0
HD 211810,1,1,0
HD 211970,1,1,0
HD 212301,2,1,0
HD 212771,1,1,0
HD 213240,2,1,0
HD 213885,1,2,0
HD 21411,1,1,0
HD 214823,2,1,0
HD 215152,1,4,0
HD 215497,1,2,0
HD 216435,1,1,0
HD 216437,1,1,0
HD 216520,1,2,0
HD 216536,1,1,0
HD 216770,1,1,0
HD 21693,1,2,0
HD 217107,1,2,0
HD 217786,2,1,0
HD 217850,1,1,0
HD 218566,1,1,0
HD 219077,1,1,0
HD 219134,1,6,0
HD 219415,1,1,0
HD 219666,1,1,0
HD 219828,1,2,0
HD 220074,1,1,0
HD 220197,1,1,0
HD 220689,1,1,0
HD 220773,1,1,0
HD 220842,2,1,0
HD 221287,1,1,0
HD 221416,1,1,0
HD 221420,1,1,0
HD 221585,1,1,0
HD 222076,1,1,0
HD 222155,1,1,0
HD 222582,2,1,0
HD 224538,1,1,0
HD 224693,1,1,0
HD 22781,1,1,0
HD 23079,1,1,0
HD 23127,1,1,0
HD 231701,1,1,0
HD 233604,1,1,0
HD 233832,2,1,0
HD 23472,1,2,0
HD 23596,2,1,0
HD 238090,1,1,0
HD 238914,1,1,0
HD 240210,1,1,0
HD 240237,1,1,0
HD 24040,1,1,0
HD 24064,1,1,0
HD 24085,1,1,0
HD 25015,1,1,0
HD 25171,2,1,0
HD 2638,3,1,0
HD 2685,1,1,0
HD 26965,3,1,0
HD 27442,2,1,0
HD 27631,1,1,0
HD 27894,1,3,0
HD 28185,1,1,0
HD 28254,2,1,0
HD 285507,1,1,0
HD 285968,1,1,0
HD 28678,1,1,0
HD 29021,1,1,0
HD 290327,1,1,0
HD 2952,1,1,0
HD 30177,1,2,0
HD 30562,1,1,0
HD 30669,1,1,0
HD 30856,2,1,0
HD 31253,1,1,0
HD 31527,1,3,0
HD 3167,1,3,0
HD 32518,1,1,0
HD 32963,1,1,0
HD 330075,1,1,0
HD 33142,1,2,0
HD 332231,1,1,0
HD 33283,2,1,0
HD 33564,1,1,0
HD 33844,1,2,0
HD 34445,1,6,0
HD 35759,1,1,0
HD 3651,1,1,0
HD 37124,1,3,0
HD 37605,1,2,0
HD 38283,1,1,0
HD 38529,2,2,0
HD 38801,1,1,0
HD 39091,1,2,0
HD 39855,1,1,0
HD 40307,1,5,0
HD 40956,1,1,0
HD 40979,3,1,0
HD 41004 A,2,2,0
HD 41004 B,2,2,0
HD 4113,3,1,0
HD 42012,1,1,0
HD 4203,1,2,0
HD 4208,1,1,0
HD 42618,1,1,0
HD 4308,1,1,0
HD 4313,1,1,0
HD 43197,1,1,0
HD 43691,3,1,0
HD 44219,1,1,0
HD 45184,1,2,0
HD 45350,1,1,0
HD 45364,1,2,0
HD 45652,1,1,0
HD 46375,2,1,0
HD 47186,1,2,0
HD 4732,2,2,0
HD 47366,1,2,0
HD 47536,1,1,0
HD 4760,1,1,0
HD 48265,1,1,0
HD 4917,1,1,0
HD 49674,1,1,0
HD 50499,1,2,0
HD 50554,1,1,0
HD 51608,1,2,0
HD 52265,1,1,0
HD 5278,1,2,0
HD 5319,1,2,0
HD 55696,1,1,0
HD 5583,1,1,0
HD 5608,1,1,0
HD 564,1,1,0
HD 5891,1,1,0
HD 59686 A,2,1,0
HD 60292,1,1,0
HD 60532,1,2,0
HD 62509,1,1,0
HD 63433,1,2,0
HD 63454,1,1,0
HD 63765,1,1,0
HD 64114,1,1,0
HD 6434,1,1,0
HD 65216,3,2,0
HD 66141,1,1,0
HD 66428,1,1,0
HD 67087,1,2,0
HD 6718,1,1,0
HD 68402,1,1,0
HD 68988,1,1,0
HD 69830,1,3,0
HD 70573,1,1,0
HD 70642,1,1,0
HD 7199,1,1,0
HD 72490,1,1,0
HD 72659,1,1,0
HD 72892,1,1,0
HD 73267,1,1,0
HD 73526,1,2,0
HD 73534,1,1,0
HD 74156,1,2,0
HD 7449,2,1,0
HD 75289,2,1,0
HD 75784,1,2,0
HD 75898,1,1,0
HD 76700,1,1,0
HD 76920,1,1,0
HD 77338,1,1,0
HD 7924,1,3,0
HD 79498,2,1,0
HD 80606,2,1,0
HD 80653,1,1,0
HD 81040,1,1,0
HD 81688,1,1,0
HD 81817,1,1,0
HD 82886,1,1,0
HD 82943,1,2,0
HD 8326,1,1,0
HD 83443,1,1,0
HD 8535,2,1,0
HD 85390,1,1,0
HD 85512,1,1,0
HD 8574,1,1,0
HD 86081,2,1,0
HD 86226,1,2,0
HD 86264,1,1,0
HD 8673,2,1,0
HD 86950,1,1,0
HD 87646,3,1,0
HD 87883,1,1,0
HD 88133,1,1,0
HD 89307,1,1,0
HD 89345,1,1,0
HD 89744,2,1,0
HD 90156,1,1,0
HD 9174,1,1,0
HD 92788,1,2,0
HD 92987,1,1,0
HD 93083,1,1,0
HD 9446,1,2,0
HD 94834,1,1,0
HD 95086,1,1,0
HD 95089,1,2,0
HD 95127,1,1,0
HD 95338,1,1,0
HD 95872,1,1,0
HD 96063,1,1,0
HD 96127,1,1,0
HD 96167,2,1,0
HD 96992,1,1,0
HD 97048,1,1,0
HD 97658,1,1,0
HD 98219,1,1,0
HD 98649,1,1,0
HD 98736,2,1,0
HD 99109,1,1,0
HD 99492,2,1,0
HD 99706,1,2,0
HIP 105854,1,1,0
HIP 107772,1,1,0
HIP 107773,1,1,0
HIP 109384,1,1,0
HIP 109600,2,1,0
HIP 116454,2,1,0
HIP 12961,1,1,0
HIP 14810,1,3,0
HIP 35173,1,1,0
HIP 38594,1,2,0
HIP 41378,1,5,0
HIP 4845,1,1,0
HIP 48714,1,1,0
HIP 5158,1,2,0
HIP 54373,1,2,0
HIP 57274,1,3,0
HIP 63242,1,1,0
HIP 65 A,2,1,0
HIP 65407,1,2,0
HIP 65426,1,1,0
HIP 65891,1,1,0
HIP 67522,1,1,0
HIP 67537,1,1,0
HIP 67851,1,2,0
HIP 70849,2,1,0
HIP 71135,1,1,0
HIP 74890,1,1,0
HIP 78530,1,1,0
HIP 79098 AB,2,1,0
HIP 79431,1,1,0
HIP 8541,2,1,0
HIP 91258,1,1,0
HIP 97233,1,1,0
HN Peg,1,1,0
HR 2562,1,1,0
HR 5183,2,1,0
HR 810,1,1,0
HR 858,2,3,0
HR 8799,1,4,0
HU Aqr,2,2,0
HW Vir,3,1,0
IC 4651 9122,1,1,0
K2-10,1,1,0
K2-100,1,1,0
K2-101,1,1,0
K2-102,1,1,0
K2-104,1,1,0
K2-105,1,1,0
K2-107,1,1,0
K2-108,1,1,0
K2-11,1,1,0
K2-110,1,1,0
K2-111,1,2,0
K2-113,1,1,0
K2-114,1,1,0
K2-115,1,1,0
K2-116,1,1,0
K2-117,1,2,0
K2-118,1,1,0
K2-119,1,1,0
K2-12,1,1,0
K2-120,1,1,0
K2-121,1,1,0
K2-122,2,1,0
K2-123,1,1,0
K2-124,1,1,0
K2-125,1,1,0
K2-126,1,1,0
K2-127,1,1,0
K2-128,1,1,0
K2-129,1,1,0
K2-13,1,1,0
K2-130,1,1,0
K2-131,1,1,0
K2-132,1,1,0
K2-133,1,4,0
K2-136,2,3,0
K2-137,1,1,0
K2-138,1,6,0
K2-139,1,1,0
K2-14,1,1,0
K2-140,1,1,0
K2-141,1,2,0
K2-146,1,2,0
K2-147,1,1,0
K2-148,2,3,0
K2-149,1,1,0
K2-15,1,1,0
K2-150,1,1,0
K2-151,2,1,0
K2-152,1,1,0
K2-153,1,1,0
K2-154,1,2,0
K2-155,1,3,0
K2-156,1,1,0
K2-157,1,1,0
K2-158,1,2,0
K2-159,1,1,0
K2-160,1,1,0
K2-161,1,1,0
K2-162,1,1,0
K2-163,1,1,0
K2-164,1,1,0
K2-165,1,3,0
K2-167,1,1,0
K2-169,1,1,0
K2-17,1,1,0
K2-170,1,2,0
K2-171,1,1,0
K2-172,1,2,0
K2-173,1,1,0
K2-174,1,1,0
K2-175,1,1,0
K2-176,1,1,0
K2-177,1,1,0
K2-178,1,1,0
K2-179,1,1,0
K2-18,1,2,0
K2-180,1,1,0
K2-181,1,1,0
K2-182,1,1,0
K2-183,1,3,0
K2-184,1,1,0
K2-185,1,1,0
K2-186,1,1,0
K2-187,1,4,0
K2-188,1,2,0
K2-189,1,2,0
K2-19,1,3,0
K2-190,1,2,0
K2-191,1,1,0
K2-192,1,1,0
K2-193,1,1,0
K2-194,1,1,0
K2-195,1,2,0
K2-196,1,1,0
K2-197,1,1,0
K2-198,1,3,0
K2-199,1,2,0
K2-200,1,1,0
K2-201,1,2,0
K2-202,1,1,0
K2-203,1,1,0
K2-204,1,1,0
K2-205,1,1,0
K2-206,1,1,0
K2-207,1,1,0
K2-208,1,1,0
K2-209,1,1,0
K2-21,1,2,0
K2-210,1,1,0
K2-211,1,1,0
K2-212,1,1,0
K2-213,1,1,0
K2-214,1,1,0
K2-215,1,1,0
K2-216,1,1,0
K2-217,1,1,0
K2-218,1,1,0
K2-219,1,3,0
K2-22,2,1,0
K2-220,1,1,0
K2-221,1,1,0
K2-222,1,1,0
K2-223,1,2,0
K2-224,1,2,0
K2-225,1,1,0
K2-226,1,1,0
K2-227,1,1,0
K2-228,1,1,0
K2-229,1,2,0
K2-230,1,1,0
K2-231,1,1,0
K2-232,1,1,0
K2-233,1,3,0
K2-237,1,1,0
K2-238,1,1,0
K2-239,1,3,0
K2-24,1,2,0
K2-240,1,2,0
K2-241,1,1,0
K2-242,1,1,0
K2-243,1,2,0
K2-244,1,1,0
K2-245,1,1,0
K2-246,1,1,0
K2-247,1,2,0
K2-248,1,1,0
K2-249,1,1,0
K2-25,1,1,0
K2-250,1,1,0
K2-251,1,1,0
K2-252,1,1,0
K2-253,1,1,0
K2-254,1,2,0
K2-255,1,1,0
K2-256,1,1,0
K2-257,1,1,0
K2-258,1,1,0
K2-259,1,1,0
K2-26,1,1,0
K2-260,1,1,0
K2-261,1,1,0
K2-263,1,1,0
K2-264,1,2,0
K2-265,2,1,0
K2-266,2,4,0
K2-268,1,2,0
K2-269,1,1,0
K2-27,3,1,0
K2-270,1,2,0
K2-271,1,1,0
K2-272,1,1,0
K2-273,1,1,0
K2-274,1,1,0
K2-275,1,2,0
K2-276,1,1,0
K2-277,1,1,0
K2-278,1,1,0
K2-279,1,1,0
K2-28,1,1,0
K2-280,1,1,0
K2-281,1,1,0
K2-283,1,1,0
K2-284,1,1,0
K2-285,1,4,0
K2-286,1,1,0
K2-287,1,1,0
K2-288 B,2,1,0
K2-289,1,1,0
K2-29,2,1,0
K2-290,3,2,0
K2-291,1,1,0
K2-292,1,1,0
K2-293,1,1,0
K2-294,1,1,0
K2-295,1,1,0
K2-3,1,3,0
K2-30,1,1,0
K2-308,1,1,0
K2-31,2,1,0
K2-315,1,1,0
K2-316,1,2,0
K2-317,1,1,0
K2-318,1,1,0
K2-319,1,1,0
K2-32,2,4,0
K2-320,1,1,0
K2-321,1,1,0
K2-322,1,1,0
K2-323,1,1,0
K2-324,1,1,0
K2-325,1,1,0
K2-326,1,1,0
K2-329,1,1,0
K2-33,1,1,0
K2-34,1,1,0
K2-35,1,2,0
K2-36,1,2,0
K2-37,1,3,0
K2-38,1,2,0
K2-39,1,1,0
K2-4,1,1,0
K2-42,1,1,0
K2-43,1,2,0
K2-44,1,1,0
K2-45,1,1,0
K2-46,1,1,0
K2-47,1,1,0
K2-48,1,1,0
K2-49,1,1,0
K2-5,1,2,0
K2-52,1,1,0
K2-53,1,1,0
K2-54,1,1,0
K2-55,1,1,0
K2-57,1,1,0
K2-58,1,3,0
K2-59,1,2,0
K2-6,1,1,0
K2-60,1,1,0
K2-61,1,1,0
K2-62,1,2,0
K2-63,1,2,0
K2-64,1,1,0
K2-65,1,1,0
K2-66,1,1,0
K2-68,1,1,0
K2-69,1,1,0
K2-7,1,1,0
K2-70,1,1,0
K2-71,1,1,0
K2-72,1,4,0
K2-73,1,1,0
K2-74,1,1,0
K2-75,1,2,0
K2-77,1,1,0
K2-79,1,1,0
K2-8,1,2,0
K2-80,1,3,0
K2-81,1,1,0
K2-83,1,2,0
K2-84,1,2,0
K2-85,1,1,0
K2-86,1,1,0
K2-87,1,1,0
K2-88,1,1,0
K2-89,1,1,0
K2-9,1,1,0
K2-90,1,2,0
K2-91,1,1,0
K2-95,1,1,0
K2-97,1,1,0
K2-98,1,1,0
K2-99,1,1,0
KELT-1,1,1,0
KELT-10,1,1,0
KELT-11,1,1,0
KELT-12,1,1,0
KELT-14,1,1,0
KELT-15,2,1,0
KELT-16,2,1,0
KELT-17,1,1,0
KELT-18,2,1,0
KELT-19 A,2,1,0
KELT-2 A,2,1,0
KELT-20,1,1,0
KELT-21,1,1,0
KELT-23 A,2,1,0
KELT-24,1,1,0
KELT-3,2,1,0
KELT-4 A,3,1,0
KELT-6,1,2,0
KELT-7,1,1,0
KELT-8,1,1,0
KELT-9,2,1,0
KIC 10001893,1,3,0
KIC 10525077,1,1,0
KIC 3558849,1,1,0
KIC 5095269,2,1,0
KIC 5437945,1,2,0
KIC 5951458,2,1,0
KIC 7917485,1,1,0
KOI-7892,1,2,0
KIC 9663113,1,2,0
KMT-2016-BLG-0212L,1,1,0
KMT-2016-BLG-1107L,1,1,0
KMT-2016-BLG-1397L,1,1,0
KMT-2016-BLG-1820L,1,1,0
KMT-2016-BLG-1836L,1,1,0
KMT-2016-BLG-2142L,1,1,0
KMT-2016-BLG-2364L,1,1,0
KMT-2016-BLG-2397L,1,1,0
KMT-2017-BLG-0165L,1,1,0
KMT-2017-BLG-1038L,1,1,0
KMT-2017-BLG-1146L,1,1,0
KMT-2018-BLG-0029L,1,1,0
KMT-2018-BLG-0748L,1,1,0
KMT-2018-BLG-1292L,1,1,0
KMT-2018-BLG-1990L,1,1,0
KMT-2019-BLG-0842L,1,1,0
KMT-2019-BLG-1339L,1,1,0
KMT-2019-BLG-1953L,1,1,0
KOI-12,1,2,0
KOI-1257,2,1,0
KOI-13,3,1,0
KOI-142,1,3,0
KOI-1599,1,2,0
KOI-1783,1,2,0
KOI-217,1,1,0
KOI-351,1,8,0
KOI-3680,1,1,0
KOI-55,1,2,0
KOI-94,2,4,0
KPS-1,1,1,0
Kapteyn,1,1,0
Kepler-10,1,2,0
Kepler-100,1,3,0
Kepler-1000,1,1,0
Kepler-1001,1,2,0
Kepler-1002,1,1,0
Kepler-1003,1,1,0
Kepler-1004,1,1,0
Kepler-1005,1,1,0
Kepler-1006,1,1,0
Kepler-1007,1,1,0
Kepler-1008,2,1,0
Kepler-1009,1,1,0
Kepler-101,1,2,0
Kepler-1010,1,1,0
Kepler-1011,1,1,0
Kepler-1012,1,1,0
Kepler-1013,1,1,0
Kepler-1014,1,1,0
Kepler-1015,1,1,0
Kepler-1016,1,2,0
Kepler-1017,1,1,0
Kepler-1018,1,1,0
Kepler-1019,1,1,0
Kepler-102,1,5,0
Kepler-1020,1,1,0
Kepler-1021,1,1,0
Kepler-1022,1,1,0
Kepler-1023,1,1,0
Kepler-1024,1,1,0
Kepler-1025,1,1,0
Kepler-1026,1,1,0
Kepler-1027,2,1,0
Kepler-1028,1,1,0
Kepler-1029,1,1,0
Kepler-103,1,2,0
Kepler-1030,1,1,0
Kepler-1031,1,1,0
Kepler-1032,1,1,0
Kepler-1033,1,1,0
Kepler-1034,1,1,0
Kepler-1035,1,1,0
Kepler-1036,1,1,0
Kepler-1037,1,1,0
Kepler-1038,1,1,0
Kepler-1039,1,1,0
Kepler-104,2,3,0
Kepler-1040,1,1,0
Kepler-1041,1,1,0
Kepler-1042,1,1,0
Kepler-1043,1,1,0
Kepler-1044,1,1,0
Kepler-1045,1,1,0
Kepler-1046,1,1,0
Kepler-1047,1,2,0
Kepler-1048,1,1,0
Kepler-1049,1,1,0
Kepler-105,1,2,0
Kepler-1050,1,2,0
Kepler-1051,1,1,0
Kepler-1052,1,1,0
Kepler-1053,1,1,0
Kepler-1054,1,1,0
Kepler-1055,1,1,0
Kepler-1056,1,1,0
Kepler-1057,1,1,0
Kepler-1058,1,1,0
Kepler-1059,1,1,0
Kepler-106,1,4,0
Kepler-1060,1,1,0
Kepler-1061,1,1,0
Kepler-1062,1,1,0
Kepler-1063,2,1,0
Kepler-1064,1,1,0
Kepler-1065,1,2,0
Kepler-1066,1,1,0
Kepler-1067,1,1,0
Kepler-1068,1,1,0
Kepler-1069,1,1,0
Kepler-107,1,4,0
Kepler-1070,1,1,0
Kepler-1071,1,1,0
Kepler-1072,1,1,0
Kepler-1073,1,2,0
Kepler-1074,1,1,0
Kepler-1075,1,1,0
Kepler-1076,1,1,0
Kepler-1077,1,1,0
Kepler-1078,1,1,0
Kepler-1079,1,1,0
Kepler-108,2,2,0
Kepler-1080,1,1,0
Kepler-1081,1,1,0
Kepler-1082,1,1,0
Kepler-1083,1,1,0
Kepler-1084,1,1,0
Kepler-1085,1,2,0
Kepler-1086,2,2,0
Kepler-1087,1,1,0
Kepler-1088,1,1,0
Kepler-1089,1,1,0
Kepler-109,1,2,0
Kepler-1090,1,1,0
Kepler-1091,1,1,0
Kepler-1092,1,1,0
Kepler-1093,1,2,0
Kepler-1094,1,1,0
Kepler-1095,1,1,0
Kepler-1096,1,1,0
Kepler-1097,1,1,0
Kepler-1098,1,1,0
Kepler-1099,1,1,0
Kepler-11,1,6,0
Kepler-110,1,2,0
Kepler-1100,1,1,0
Kepler-1101,1,1,0
Kepler-1102,1,1,0
Kepler-1103,1,1,0
Kepler-1104,1,1,0
Kepler-1105,1,1,0
Kepler-1106,1,1,0
Kepler-1107,1,1,0
Kepler-1108,1,1,0
Kepler-1109,1,1,0
Kepler-111,1,2,0
Kepler-1110,1,1,0
Kepler-1111,1,1,0
Kepler-1112,1,1,0
Kepler-1113,1,1,0
Kepler-1114,1,1,0
Kepler-1115,1,1,0
Kepler-1116,1,1,0
Kepler-1117,1,1,0
Kepler-1118,1,1,0
Kepler-1119,1,1,0
Kepler-112,1,2,0
Kepler-1120,1,1,0
Kepler-1121,1,1,0
Kepler-1122,1,1,0
Kepler-1123,1,1,0
Kepler-1124,1,1,0
Kepler-1125,1,1,0
Kepler-1126,1,1,0
Kepler-1127,1,1,0
Kepler-1128,1,1,0
Kepler-1129,1,2,0
Kepler-113,1,2,0
Kepler-1130,2,1,0
Kepler-1131,1,1,0
Kepler-1132,1,1,0
Kepler-1133,1,1,0
Kepler-1134,1,1,0
Kepler-1135,1,1,0
Kepler-1136,1,1,0
Kepler-1137,1,1,0
Kepler-1138,1,1,0
Kepler-1139,1,1,0
Kepler-114,1,3,0
Kepler-1140,1,1,0
Kepler-1141,1,1,0
Kepler-1142,1,1,0
Kepler-1143,1,2,0
Kepler-1144,1,1,0
Kepler-1145,1,1,0
Kepler-1146,1,1,0
Kepler-1147,1,1,0
Kepler-1148,1,1,0
Kepler-1149,1,1,0
Kepler-115,1,2,0
Kepler-1150,2,1,0
Kepler-1151,1,1,0
Kepler-1152,1,1,0
Kepler-1153,1,1,0
Kepler-1154,1,2,0
Kepler-1155,1,1,0
Kepler-1156,1,1,0
Kepler-1157,1,1,0
Kepler-1158,1,1,0
Kepler-1159,1,1,0
Kepler-116,1,2,0
Kepler-1160,1,1,0
Kepler-1161,1,1,0
Kepler-1162,1,1,0
Kepler-1163,1,1,0
Kepler-1164,1,1,0
Kepler-1165,1,1,0
Kepler-1166,1,1,0
Kepler-1167,1,1,0
Kepler-1168,1,1,0
Kepler-1169,1,1,0
Kepler-117,1,2,0
Kepler-1170,1,1,0
Kepler-1171,1,1,0
Kepler-1172,1,1,0
Kepler-1173,1,1,0
Kepler-1174,1,1,0
Kepler-1175,1,1,0
Kepler-1176,1,1,0
Kepler-1177,1,1,0
Kepler-1178,1,1,0
Kepler-1179,1,1,0
Kepler-118,1,2,0
Kepler-1180,1,1,0
Kepler-1181,1,1,0
Kepler-1182,1,1,0
Kepler-1183,1,1,0
Kepler-1184,1,1,0
Kepler-1185,1,1,0
Kepler-1186,1,1,0
Kepler-1187,1,1,0
Kepler-1188,1,1,0
Kepler-1189,1,1,0
Kepler-119,1,2,0
Kepler-1190,1,1,0
Kepler-1191,1,1,0
Kepler-1192,1,1,0
Kepler-1193,1,1,0
Kepler-1194,1,1,0
Kepler-1195,1,1,0
Kepler-1196,1,1,0
Kepler-1197,1,1,0
Kepler-1198,1,1,0
Kepler-1199,1,1,0
Kepler-12,1,1,0
Kepler-120,1,2,0
Kepler-1200,1,1,0
Kepler-1201,1,1,0
Kepler-1202,1,1,0
Kepler-1203,1,1,0
Kepler-1204,1,1,0
Kepler-1205,1,1,0
Kepler-1206,1,1,0
Kepler-1207,1,1,0
Kepler-1208,1,1,0
Kepler-1209,1,1,0
Kepler-121,1,2,0
Kepler-1210,1,1,0
Kepler-1211,1,1,0
Kepler-1212,1,1,0
Kepler-1213,1,1,0
Kepler-1214,1,1,0
Kepler-1215,1,1,0
Kepler-1216,1,1,0
Kepler-1217,1,1,0
Kepler-1218,1,1,0
Kepler-1219,1,1,0
Kepler-122,1,5,0
Kepler-1220,1,1,0
Kepler-1221,1,1,0
Kepler-1222,1,1,0
Kepler-1223,1,1,0
Kepler-1224,1,1,0
Kepler-1225,1,1,0
Kepler-1226,1,1,0
Kepler-1227,1,1,0
Kepler-1228,1,1,0
Kepler-1229,1,1,0
Kepler-123,1,2,0
Kepler-1230,1,1,0
Kepler-1231,1,1,0
Kepler-1232,1,1,0
Kepler-1233,1,1,0
Kepler-1234,1,1,0
Kepler-1235,1,1,0
Kepler-1236,1,1,0
Kepler-1237,1,1,0
Kepler-1238,1,1,0
Kepler-1239,1,1,0
Kepler-124,1,3,0
Kepler-1240,1,1,0
Kepler-1241,1,1,0
Kepler-1242,1,1,0
Kepler-1243,1,1,0
Kepler-1244,1,1,0
Kepler-1245,1,2,0
Kepler-1246,1,1,0
Kepler-1247,1,1,0
Kepler-1248,1,1,0
Kepler-1249,1,1,0
Kepler-125,1,2,0
Kepler-1250,1,1,0
Kepler-1251,1,1,0
Kepler-1252,1,1,0
Kepler-1253,1,1,0
Kepler-1254,1,3,0
Kepler-1255,1,1,0
Kepler-1256,1,1,0
Kepler-1257,1,1,0
Kepler-1258,1,1,0
Kepler-1259,1,1,0
Kepler-126,1,3,0
Kepler-1260,1,1,0
Kepler-1261,1,1,0
Kepler-1262,1,1,0
Kepler-1263,1,1,0
Kepler-1264,1,1,0
Kepler-1265,1,1,0
Kepler-1266,1,1,0
Kepler-1267,1,1,0
Kepler-1268,1,1,0
Kepler-1269,1,1,0
Kepler-127,1,3,0
Kepler-1270,1,1,0
Kepler-1271,1,1,0
Kepler-1272,1,1,0
Kepler-1273,1,1,0
Kepler-1274,1,1,0
Kepler-1275,1,1,0
Kepler-1276,1,1,0
Kepler-1277,1,1,0
Kepler-1278,1,1,0
Kepler-1279,1,1,0
Kepler-128,1,2,0
Kepler-1280,1,1,0
Kepler-1281,1,1,0
Kepler-1282,1,1,0
Kepler-1283,1,1,0
Kepler-1284,1,1,0
Kepler-1285,1,1,0
Kepler-1286,1,1,0
Kepler-1287,1,1,0
Kepler-1288,1,1,0
Kepler-1289,1,1,0
Kepler-129,1,2,0
Kepler-1290,1,1,0
Kepler-1291,1,1,0
Kepler-1292,1,1,0
Kepler-1293,1,1,0
Kepler-1294,1,1,0
Kepler-1295,1,1,0
Kepler-1296,1,1,0
Kepler-1297,1,1,0
Kepler-1298,1,1,0
Kepler-1299,1,1,0
Kepler-130,2,3,0
Kepler-1300,1,1,0
Kepler-1301,1,1,0
Kepler-1302,1,1,0
Kepler-1303,1,1,0
Kepler-1304,1,1,0
Kepler-1305,1,1,0
Kepler-1306,1,1,0
Kepler-1307,1,1,0
Kepler-1308,1,1,0
Kepler-1309,1,1,0
Kepler-131,1,2,0
Kepler-1310,1,1,0
Kepler-1311,1,2,0
Kepler-1312,1,1,0
Kepler-1313,1,1,0
Kepler-1314,1,1,0
Kepler-1315,1,1,0
Kepler-1316,1,1,0
Kepler-1317,1,1,0
Kepler-1318,1,1,0
Kepler-1319,2,1,0
Kepler-132,2,4,0
Kepler-1320,1,1,0
Kepler-1321,1,2,0
Kepler-1322,1,1,0
Kepler-1323,1,1,0
Kepler-1324,1,1,0
Kepler-1325,1,1,0
Kepler-1326,1,1,0
Kepler-1327,1,1,0
Kepler-1328,1,1,0
Kepler-1329,1,1,0
Kepler-133,1,2,0
Kepler-1330,1,1,0
Kepler-1331,1,1,0
Kepler-1332,1,1,0
Kepler-1333,1,1,0
Kepler-1334,1,1,0
Kepler-1335,1,1,0
Kepler-1336,1,2,0
Kepler-1337,1,1,0
Kepler-1338,1,1,0
Kepler-1339,1,1,0
Kepler-134,1,2,0
Kepler-1340,1,1,0
Kepler-1341,2,1,0
Kepler-1342,1,1,0
Kepler-1343,1,1,0
Kepler-1344,1,1,0
Kepler-1345,1,1,0
Kepler-1346,1,1,0
Kepler-1347,1,1,0
Kepler-1348,1,1,0
Kepler-1349,1,1,0
Kepler-135,1,2,0
Kepler-1350,1,2,0
Kepler-1351,1,1,0
Kepler-1352,1,1,0
Kepler-1353,1,1,0
Kepler-1354,1,1,0
Kepler-1355,1,1,0
Kepler-1356,1,1,0
Kepler-1357,1,1,0
Kepler-1358,1,1,0
Kepler-1359,1,1,0
Kepler-136,2,2,0
Kepler-1360,1,1,0
Kepler-1361,1,1,0
Kepler-1362,1,1,0
Kepler-1363,1,1,0
Kepler-1364,1,1,0
Kepler-1365,1,2,0
Kepler-1366,1,1,0
Kepler-1367,1,1,0
Kepler-1368,1,1,0
Kepler-1369,1,1,0
Kepler-137,1,2,0
Kepler-1370,1,2,0
Kepler-1371,1,2,0
Kepler-1372,1,1,0
Kepler-1373,1,1,0
Kepler-1374,1,1,0
Kepler-1375,1,1,0
Kepler-1376,1,1,0
Kepler-1377,1,1,0
Kepler-1378,1,1,0
Kepler-1379,1,1,0
Kepler-138,1,3,0
Kepler-1380,1,1,0
Kepler-1381,1,1,0
Kepler-1382,1,1,0
Kepler-1383,1,1,0
Kepler-1384,1,1,0
Kepler-1385,1,1,0
Kepler-1386,1,1,0
Kepler-1387,1,1,0
Kepler-1388,1,4,0
Kepler-1389,1,1,0
Kepler-139,1,2,0
Kepler-1390,1,1,0
Kepler-1391,1,1,0
Kepler-1392,1,1,0
Kepler-1393,1,1,0
Kepler-1394,1,1,0
Kepler-1395,1,1,0
Kepler-1396,1,1,0
Kepler-1397,1,1,0
Kepler-1398,1,2,0
Kepler-1399,1,1,0
Kepler-14,2,1,0
Kepler-140,1,2,0
Kepler-1400,1,1,0
Kepler-1401,1,1,0
Kepler-1402,1,1,0
Kepler-1403,1,1,0
Kepler-1404,1,1,0
Kepler-1405,1,1,0
Kepler-1406,1,1,0
Kepler-1407,1,1,0
Kepler-1408,1,1,0
Kepler-1409,1,1,0
Kepler-141,1,2,0
Kepler-1410,1,1,0
Kepler-1411,1,1,0
Kepler-1412,1,1,0
Kepler-1413,1,1,0
Kepler-1414,1,1,0
Kepler-1415,1,1,0
Kepler-1416,1,1,0
Kepler-1417,1,1,0
Kepler-1418,1,1,0
Kepler-1419,1,1,0
Kepler-142,1,3,0
Kepler-1420,1,1,0
Kepler-1421,1,1,0
Kepler-1422,1,1,0
Kepler-1423,1,1,0
Kepler-1424,1,1,0
Kepler-1425,1,1,0
Kepler-1426,1,1,0
Kepler-1427,1,1,0
Kepler-1428,1,1,0
Kepler-1429,1,1,0
Kepler-143,1,2,0
Kepler-1430,1,1,0
Kepler-1431,1,1,0
Kepler-1432,1,1,0
Kepler-1433,1,1,0
Kepler-1434,1,1,0
Kepler-1435,1,1,0
Kepler-1436,1,1,0
Kepler-1437,1,1,0
Kepler-1438,1,1,0
Kepler-1439,1,1,0
Kepler-144,1,2,0
Kepler-1440,1,1,0
Kepler-1441,1,1,0
Kepler-1442,1,1,0
Kepler-1443,1,1,0
Kepler-1444,1,1,0
Kepler-1445,1,1,0
Kepler-1446,1,1,0
Kepler-1447,1,1,0
Kepler-1448,1,1,0
Kepler-1449,1,1,0
Kepler-145,1,2,0
Kepler-1450,1,1,0
Kepler-1451,1,1,0
Kepler-1452,1,1,0
Kepler-1453,1,1,0
Kepler-1454,1,1,0
Kepler-1455,1,1,0
Kepler-1456,1,1,0
Kepler-1457,1,1,0
Kepler-1458,1,1,0
Kepler-1459,1,1,0
Kepler-146,1,2,0
Kepler-1460,1,1,0
Kepler-1461,1,1,0
Kepler-1462,1,1,0
Kepler-1463,1,1,0
Kepler-1464,1,2,0
Kepler-1465,1,1,0
Kepler-1466,1,1,0
Kepler-1467,1,1,0
Kepler-1468,1,2,0
Kepler-1469,1,1,0
Kepler-147,1,2,0
Kepler-1470,1,1,0
Kepler-1471,1,1,0
Kepler-1472,1,1,0
Kepler-1473,1,1,0
Kepler-1474,1,1,0
Kepler-1475,1,1,0
Kepler-1476,1,1,0
Kepler-1477,1,1,0
Kepler-1478,1,1,0
Kepler-1479,1,1,0
Kepler-148,1,3,0
Kepler-1480,2,1,0
Kepler-1481,1,1,0
Kepler-1482,1,1,0
Kepler-1483,1,1,0
Kepler-1484,1,1,0
Kepler-1485,1,1,0
Kepler-1486,1,1,0
Kepler-1487,1,1,0
Kepler-1488,1,1,0
Kepler-1489,1,1,0
Kepler-149,1,3,0
Kepler-1490,1,1,0
Kepler-1491,1,1,0
Kepler-1492,1,1,0
Kepler-1493,1,1,0
Kepler-1494,1,1,0
Kepler-1495,1,1,0
Kepler-1496,1,1,0
Kepler-1497,1,1,0
Kepler-1498,1,1,0
Kepler-1499,1,1,0
Kepler-15,1,1,0
Kepler-150,1,5,0
Kepler-1500,1,1,0
Kepler-1501,1,1,0
Kepler-1502,1,1,0
Kepler-1503,1,1,0
Kepler-1504,1,1,0
Kepler-1505,1,1,0
Kepler-1506,1,1,0
Kepler-1507,1,1,0
Kepler-1508,1,1,0
Kepler-1509,1,1,0
Kepler-151,1,2,0
Kepler-1510,1,1,0
Kepler-1511,1,1,0
Kepler-1512,1,1,0
Kepler-1513,1,1,0
Kepler-1514,1,2,0
Kepler-1515,1,1,0
Kepler-1516,1,1,0
Kepler-1517,1,1,0
Kepler-1518,1,1,0
Kepler-1519,1,1,0
Kepler-152,1,2,0
Kepler-1520,1,1,0
Kepler-1521,1,1,0
Kepler-1522,1,1,0
Kepler-1523,1,1,0
Kepler-1524,1,1,0
Kepler-1525,1,1,0
Kepler-1526,1,1,0
Kepler-1527,1,1,0
Kepler-1528,1,1,0
Kepler-1529,1,1,0
Kepler-153,1,2,0
Kepler-1530,1,2,0
Kepler-1531,1,1,0
Kepler-1532,1,1,0
Kepler-1533,1,1,0
Kepler-1534,1,1,0
Kepler-1535,1,1,0
Kepler-1536,1,1,0
Kepler-1537,1,1,0
Kepler-1538,1,1,0
Kepler-1539,1,1,0
Kepler-154,1,5,0
Kepler-1540,2,1,0
Kepler-1541,1,1,0
Kepler-1542,1,4,0
Kepler-1543,1,1,0
Kepler-1544,1,1,0
Kepler-1545,1,1,0
Kepler-1546,1,1,0
Kepler-1547,1,1,0
Kepler-1548,1,1,0
Kepler-1549,1,1,0
Kepler-155,1,2,0
Kepler-1550,1,1,0
Kepler-1551,1,1,0
Kepler-1552,1,1,0
Kepler-1553,1,1,0
Kepler-1554,1,1,0
Kepler-1555,1,1,0
Kepler-1556,1,1,0
Kepler-1557,1,1,0
Kepler-1558,1,1,0
Kepler-1559,1,1,0
Kepler-156,1,2,0
Kepler-1560,1,1,0
Kepler-1561,1,1,0
Kepler-1562,1,1,0
Kepler-1563,1,1,0
Kepler-1564,1,1,0
Kepler-1565,1,1,0
Kepler-1566,1,1,0
Kepler-1567,1,1,0
Kepler-1568,1,1,0
Kepler-1569,1,1,0
Kepler-157,1,3,0
Kepler-1570,1,1,0
Kepler-1571,1,1,0
Kepler-1572,1,1,0
Kepler-1573,1,1,0
Kepler-1574,1,1,0
Kepler-1575,1,1,0
Kepler-1576,1,1,0
Kepler-1577,1,1,0
Kepler-1578,1,1,0
Kepler-1579,1,1,0
Kepler-158,1,2,0
Kepler-1580,1,1,0
Kepler-1581,1,1,0
Kepler-1582,1,1,0
Kepler-1583,1,1,0
Kepler-1584,1,1,0
Kepler-1585,1,1,0
Kepler-1586,1,1,0
Kepler-1587,1,1,0
Kepler-1588,1,1,0
Kepler-1589,1,1,0
Kepler-159,1,2,0
Kepler-1590,1,1,0
Kepler-1591,1,1,0
Kepler-1592,1,1,0
Kepler-1593,1,1,0
Kepler-1594,1,1,0
Kepler-1595,1,1,0
Kepler-1596,1,1,0
Kepler-1597,1,1,0
Kepler-1598,1,1,0
Kepler-1599,1,1,0
Kepler-16,2,1,0
Kepler-160,1,3,0
Kepler-1600,1,1,0
Kepler-1601,1,1,0
Kepler-1602,1,1,0
Kepler-1603,1,1,0
Kepler-1604,1,1,0
Kepler-1605,1,1,0
Kepler-1606,1,1,0
Kepler-1607,1,1,0
Kepler-1608,1,1,0
Kepler-1609,1,1,0
Kepler-161,1,2,0
Kepler-1610,1,1,0
Kepler-1611,1,1,0
Kepler-1612,1,1,0
Kepler-1613,1,1,0
Kepler-1614,1,1,0
Kepler-1615,1,1,0
Kepler-1616,1,1,0
Kepler-1617,1,1,0
Kepler-1618,1,1,0
Kepler-1619,1,1,0
Kepler-162,1,2,0
Kepler-1620,1,1,0
Kepler-1621,1,1,0
Kepler-1622,1,1,0
Kepler-1623,1,1,0
Kepler-1624,1,1,0
Kepler-1625,1,1,0
Kepler-1626,1,1,0
Kepler-1627,1,1,0
Kepler-1628,1,1,0
Kepler-1629,1,1,0
Kepler-163,1,2,0
Kepler-1630,1,1,0
Kepler-1631,1,1,0
Kepler-1632,1,1,0
Kepler-1633,1,1,0
Kepler-1634,1,1,0
Kepler-1635,1,1,0
Kepler-1636,1,1,0
Kepler-1637,1,1,0
Kepler-1638,1,1,0
Kepler-1639,1,1,0
Kepler-164,1,3,0
Kepler-1640,1,1,0
Kepler-1641,1,2,0
Kepler-1642,1,2,0
Kepler-1643,1,1,0
Kepler-1644,1,1,0
Kepler-1645,1,1,0
Kepler-1646,1,1,0
Kepler-1647,2,1,0
Kepler-1649,1,2,0
Kepler-165,1,2,0
Kepler-1650,1,1,0
Kepler-1651,2,1,0
Kepler-1652,1,1,0
Kepler-1653,1,1,0
Kepler-1654,1,1,0
Kepler-1655,1,1,0
Kepler-1656,1,1,0
Kepler-1658,1,1,0
Kepler-166,1,3,0
Kepler-1661,2,1,0
Kepler-1663,1,1,0
Kepler-1664,1,1,0
Kepler-1665,1,1,0
Kepler-1666,1,2,0
Kepler-1667,1,1,0
Kepler-1668,1,1,0
Kepler-1669,1,1,0
Kepler-167,2,4,0
Kepler-1670,1,1,0
Kepler-1671,1,1,0
Kepler-1672,1,1,0
Kepler-1673,1,1,0
Kepler-1674,1,1,0
Kepler-1675,1,1,0
Kepler-1676,1,1,0
Kepler-1677,1,1,0
Kepler-1678,1,1,0
Kepler-1679,1,1,0
Kepler-168,1,2,0
Kepler-1680,1,1,0
Kepler-1681,1,1,0
Kepler-1682,1,1,0
Kepler-1683,1,1,0
Kepler-1684,1,1,0
Kepler-1685,1,1,0
Kepler-1686,1,1,0
Kepler-1687,1,1,0
Kepler-1688,1,1,0
Kepler-1689,1,1,0
Kepler-169,1,5,0
Kepler-1690,1,1,0
Kepler-1691,1,1,0
Kepler-1692,1,1,0
Kepler-1693,1,1,0
Kepler-1694,1,1,0
Kepler-1695,1,1,0
Kepler-1696,1,1,0
Kepler-1697,1,1,0
Kepler-1698,1,1,0
Kepler-1699,1,1,0
Kepler-17,1,1,0
Kepler-170,1,2,0
Kepler-1700,1,1,0
Kepler-1701,1,1,0
Kepler-1702,1,1,0
Kepler-171,1,3,0
Kepler-172,1,4,0
Kepler-173,1,2,0
Kepler-174,1,3,0
Kepler-175,1,2,0
Kepler-176,1,4,0
Kepler-177,1,2,0
Kepler-178,1,3,0
Kepler-179,1,2,0
Kepler-18,1,3,0
Kepler-180,1,2,0
Kepler-181,1,2,0
Kepler-182,1,2,0
Kepler-183,1,2,0
Kepler-184,1,3,0
Kepler-185,1,2,0
Kepler-186,1,5,0
Kepler-187,1,2,0
Kepler-188,1,2,0
Kepler-189,1,2,0
Kepler-19,1,3,0
Kepler-190,1,2,0
Kepler-191,1,3,0
Kepler-192,1,3,0
Kepler-193,1,2,0
Kepler-194,1,3,0
Kepler-195,1,2,0
Kepler-196,1,2,0
Kepler-197,2,4,0
Kepler-198,1,3,0
Kepler-199,1,2,0
Kepler-20,2,6,0
Kepler-200,1,2,0
Kepler-201,1,2,0
Kepler-202,1,2,0
Kepler-203,1,3,0
Kepler-204,1,2,0
Kepler-205,1,2,0
Kepler-206,1,3,0
Kepler-207,1,3,0
Kepler-208,1,4,0
Kepler-209,1,2,0
Kepler-21,2,1,0
Kepler-210,1,2,0
Kepler-211,1,2,0
Kepler-212,1,2,0
Kepler-213,1,2,0
Kepler-214,1,2,0
Kepler-215,1,4,0
Kepler-216,1,2,0
Kepler-217,1,3,0
Kepler-218,1,3,0
Kepler-219,1,3,0
Kepler-22,1,1,0
Kepler-220,1,4,0
Kepler-221,1,4,0
Kepler-222,1,3,0
Kepler-223,1,4,0
Kepler-224,1,4,0
Kepler-225,1,2,0
Kepler-226,1,3,0
Kepler-227,1,2,0
Kepler-228,1,3,0
Kepler-229,1,3,0
Kepler-23,1,3,0
Kepler-230,1,2,0
Kepler-231,1,2,0
Kepler-232,1,2,0
Kepler-233,1,2,0
Kepler-234,1,2,0
Kepler-235,1,4,0
Kepler-236,1,2,0
Kepler-237,1,2,0
Kepler-238,1,5,0
Kepler-239,1,2,0
Kepler-24,1,4,0
Kepler-240,1,2,0
Kepler-241,1,2,0
Kepler-242,1,2,0
Kepler-243,1,2,0
Kepler-244,1,3,0
Kepler-245,1,4,0
Kepler-246,1,2,0
Kepler-247,1,3,0
Kepler-248,1,2,0
Kepler-249,1,3,0
Kepler-25,2,3,0
Kepler-250,1,3,0
Kepler-251,1,4,0
Kepler-252,1,2,0
Kepler-253,1,3,0
Kepler-254,1,3,0
Kepler-255,1,3,0
Kepler-256,1,4,0
Kepler-257,1,3,0
Kepler-258,1,2,0
Kepler-259,1,2,0
Kepler-26,1,4,0
Kepler-260,1,2,0
Kepler-261,1,2,0
Kepler-262,1,2,0
Kepler-263,1,2,0
Kepler-264,1,2,0
Kepler-265,1,4,0
Kepler-266,1,2,0
Kepler-267,1,3,0
Kepler-268,1,2,0
Kepler-269,1,2,0
Kepler-27,1,2,0
Kepler-270,1,2,0
Kepler-271,1,3,0
Kepler-272,1,3,0
Kepler-273,1,2,0
Kepler-274,1,2,0
Kepler-275,1,3,0
Kepler-276,1,3,0
Kepler-277,1,2,0
Kepler-278,1,2,0
Kepler-279,1,3,0
Kepler-28,1,2,0
Kepler-280,1,2,0
Kepler-281,1,2,0
Kepler-282,1,4,0
Kepler-283,1,2,0
Kepler-284,1,2,0
Kepler-285,1,2,0
Kepler-286,1,4,0
Kepler-287,1,2,0
Kepler-288,1,3,0
Kepler-289,1,3,0
Kepler-29,1,2,0
Kepler-290,1,2,0
Kepler-291,1,2,0
Kepler-292,1,5,0
Kepler-293,1,2,0
Kepler-294,1,2,0
Kepler-295,1,3,0
Kepler-296,2,5,0
Kepler-297,1,2,0
Kepler-298,1,3,0
Kepler-299,1,4,0
Kepler-30,1,3,0
Kepler-300,1,2,0
Kepler-301,1,3,0
Kepler-302,1,2,0
Kepler-303,1,2,0
Kepler-304,1,4,0
Kepler-305,1,4,0
Kepler-306,1,4,0
Kepler-307,1,2,0
Kepler-308,1,2,0
Kepler-309,1,2,0
Kepler-31,1,3,0
Kepler-310,1,3,0
Kepler-311,1,2,0
Kepler-312,1,2,0
Kepler-313,1,2,0
Kepler-314,1,2,0
Kepler-315,1,2,0
Kepler-316,1,2,0
Kepler-317,1,2,0
Kepler-318,1,2,0
Kepler-319,1,3,0
Kepler-32,1,5,0
Kepler-320,1,2,0
Kepler-321,1,2,0
Kepler-322,1,2,0
Kepler-323,1,2,0
Kepler-324,1,2,0
Kepler-325,1,3,0
Kepler-326,1,3,0
Kepler-327,1,3,0
Kepler-328,1,2,0
Kepler-329,1,2,0
Kepler-33,1,5,0
Kepler-330,1,2,0
Kepler-331,1,3,0
Kepler-332,1,3,0
Kepler-333,2,2,0
Kepler-334,1,3,0
Kepler-335,1,2,0
Kepler-336,1,3,0
Kepler-337,1,2,0
Kepler-338,1,4,0
Kepler-339,1,3,0
Kepler-34,2,1,0
Kepler-340,1,2,0
Kepler-341,1,4,0
Kepler-342,1,4,0
Kepler-343,1,2,0
Kepler-344,1,2,0
Kepler-345,1,2,0
Kepler-346,1,2,0
Kepler-347,1,2,0
Kepler-348,1,2,0
Kepler-349,1,2,0
Kepler-35,2,1,0
Kepler-350,1,3,0
Kepler-351,1,3,0
Kepler-352,1,2,0
Kepler-353,2,2,0
Kepler-354,1,3,0
Kepler-355,1,2,0
Kepler-356,1,2,0
Kepler-357,1,3,0
Kepler-358,1,2,0
Kepler-359,1,3,0
Kepler-36,1,2,0
Kepler-360,1,2,0
Kepler-361,1,2,0
Kepler-362,1,2,0
Kepler-363,1,3,0
Kepler-364,1,2,0
Kepler-365,1,2,0
Kepler-366,1,2,0
Kepler-367,1,2,0
Kepler-368,1,2,0
Kepler-369,1,2,0
Kepler-37,1,4,0
Kepler-370,1,2,0
Kepler-371,1,2,0
Kepler-372,1,3,0
Kepler-373,1,2,0
Kepler-374,1,3,0
Kepler-375,1,2,0
Kepler-376,1,2,0
Kepler-377,1,2,0
Kepler-378,1,2,0
Kepler-379,1,2,0
Kepler-38,2,1,0
Kepler-380,1,2,0
Kepler-381,1,2,0
Kepler-382,1,2,0
Kepler-383,1,2,0
Kepler-384,1,2,0
Kepler-385,1,3,0
Kepler-386,1,2,0
Kepler-387,1,2,0
Kepler-388,1,2,0
Kepler-389,1,2,0
Kepler-39,1,1,0
Kepler-390,2,2,0
Kepler-391,1,2,0
Kepler-392,1,2,0
Kepler-393,1,2,0
Kepler-394,1,2,0
Kepler-395,1,2,0
Kepler-396,1,2,0
Kepler-397,1,2,0
Kepler-398,1,3,0
Kepler-399,1,3,0
Kepler-4,1,1,0
Kepler-40,1,1,0
Kepler-400,1,2,0
Kepler-401,1,3,0
Kepler-402,1,4,0
Kepler-403,1,3,0
Kepler-404,1,2,0
Kepler-405,1,2,0
Kepler-406,1,2,0
Kepler-407,1,2,0
Kepler-408,1,1,0
Kepler-409,1,1,0
Kepler-41,1,1,0
Kepler-410 A,2,1,0
Kepler-411,2,4,0
Kepler-412,1,1,0
Kepler-413,2,1,0
Kepler-414,1,2,0
Kepler-415,1,2,0
Kepler-416,1,2,0
Kepler-417,1,2,0
Kepler-418,1,1,0
Kepler-419,1,2,0
Kepler-42,1,3,0
Kepler-421,1,1,0
Kepler-422,1,1,0
Kepler-423,1,1,0
Kepler-424,1,2,0
Kepler-425,1,1,0
Kepler-426,1,1,0
Kepler-427,1,1,0
Kepler-428,1,1,0
Kepler-43,1,1,0
Kepler-430,1,2,0
Kepler-431,1,3,0
Kepler-432,2,2,0
Kepler-433,1,1,0
Kepler-434,1,1,0
Kepler-435,1,1,0
Kepler-436,1,2,0
Kepler-437,1,1,0
Kepler-438,1,1,0
Kepler-439,1,1,0
Kepler-44,1,1,0
Kepler-440,1,1,0
Kepler-441,1,1,0
Kepler-442,1,1,0
Kepler-443,1,1,0
Kepler-444,3,5,0
Kepler-445,1,3,0
Kepler-446,1,3,0
Kepler-447,1,1,0
Kepler-449,1,2,0
Kepler-45,1,1,0
Kepler-450,1,3,0
Kepler-452,1,1,0
Kepler-453,2,1,0
Kepler-454,2,2,0
Kepler-46,1,3,0
Kepler-461,1,1,0
Kepler-462,1,2,0
Kepler-463,1,1,0
Kepler-464,1,1,0
Kepler-465,1,1,0
Kepler-466,1,2,0
Kepler-467,1,1,0
Kepler-468,1,1,0
Kepler-47,2,3,0
Kepler-470,1,1,0
Kepler-471,1,1,0
Kepler-472,1,1,0
Kepler-473,1,1,0
Kepler-474,1,1,0
Kepler-475,1,1,0
Kepler-476,1,1,0
Kepler-477,2,1,0
Kepler-478,1,1,0
Kepler-479,1,1,0
Kepler-48,1,4,0
Kepler-480,1,1,0
Kepler-481,1,1,0
Kepler-482,1,1,0
Kepler-483,1,1,0
Kepler-484,1,1,0
Kepler-485,1,1,0
Kepler-486,1,1,0
Kepler-487,1,2,0
Kepler-488,1,1,0
Kepler-489,1,1,0
Kepler-49,1,4,0
Kepler-490,1,1,0
Kepler-491,1,1,0
Kepler-492,1,1,0
Kepler-493,1,1,0
Kepler-494,1,1,0
Kepler-495,1,1,0
Kepler-496,1,1,0
Kepler-497,1,1,0
Kepler-498,1,1,0
Kepler-499,1,1,0
Kepler-5,1,1,0
Kepler-50,1,2,0
Kepler-500,1,1,0
Kepler-501,1,1,0
Kepler-502,1,1,0
Kepler-504,2,1,0
Kepler-505,1,1,0
Kepler-506,1,1,0
Kepler-507,1,1,0
Kepler-508,1,1,0
Kepler-509,1,1,0
Kepler-51,1,3,0
Kepler-510,1,1,0
Kepler-511,1,1,0
Kepler-512,1,1,0
Kepler-513,1,1,0
Kepler-514,2,1,0
Kepler-515,2,1,0
Kepler-516,1,1,0
Kepler-517,2,1,0
Kepler-518,1,1,0
Kepler-519,2,1,0
Kepler-52,1,3,0
Kepler-520,1,2,0
Kepler-521,1,1,0
Kepler-522,1,1,0
Kepler-523,1,1,0
Kepler-524,1,2,0
Kepler-525,1,1,0
Kepler-526,1,1,0
Kepler-527,1,1,0
Kepler-528,1,1,0
Kepler-529,1,2,0
Kepler-53,1,3,0
Kepler-530,2,1,0
Kepler-531,1,1,0
Kepler-532,1,1,0
Kepler-533,1,1,0
Kepler-534,1,1,0
Kepler-535,1,1,0
Kepler-536,1,1,0
Kepler-537,1,1,0
Kepler-538,2,1,0
Kepler-539,1,2,0
Kepler-54,1,3,0
Kepler-540,1,1,0
Kepler-541,1,1,0
Kepler-542,1,1,0
Kepler-543,1,1,0
Kepler-544,1,1,0
Kepler-545,1,1,0
Kepler-546,1,1,0
Kepler-547,1,1,0
Kepler-548,1,1,0
Kepler-549,1,2,0
Kepler-55,1,5,0
Kepler-550,1,1,0
Kepler-551,1,1,0
Kepler-552,1,1,0
Kepler-553,1,2,0
Kepler-554,1,1,0
Kepler-555,1,1,0
Kepler-556,1,1,0
Kepler-557,1,1,0
Kepler-558,1,1,0
Kepler-559,1,1,0
Kepler-56,1,3,0
Kepler-560,2,1,0
Kepler-561,1,2,0
Kepler-562,1,1,0
Kepler-563,1,1,0
Kepler-564,1,1,0
Kepler-565,1,1,0
Kepler-566,1,1,0
Kepler-567,1,1,0
Kepler-568,1,1,0
Kepler-569,1,1,0
Kepler-57,1,2,0
Kepler-570,1,1,0
Kepler-571,1,1,0
Kepler-572,1,1,0
Kepler-573,1,1,0
Kepler-574,1,1,0
Kepler-575,1,1,0
Kepler-576,1,1,0
Kepler-577,1,1,0
Kepler-578,1,1,0
Kepler-579,1,1,0
Kepler-58,1,3,0
Kepler-580,1,1,0
Kepler-581,1,1,0
Kepler-582,1,1,0
Kepler-583,1,1,0
Kepler-584,1,1,0
Kepler-585,1,1,0
Kepler-586,1,1,0
Kepler-587,1,1,0
Kepler-588,1,1,0
Kepler-589,1,1,0
Kepler-59,1,2,0
Kepler-590,1,1,0
Kepler-591,1,1,0
Kepler-592,1,1,0
Kepler-593,1,1,0
Kepler-594,1,1,0
Kepler-595,1,2,0
Kepler-596,1,1,0
Kepler-597,1,1,0
Kepler-598,1,2,0
Kepler-599,1,1,0
Kepler-6,1,1,0
Kepler-60,1,3,0
Kepler-600,1,1,0
Kepler-601,1,1,0
Kepler-602,1,1,0
Kepler-603,1,3,0
Kepler-604,1,1,0
Kepler-605,1,2,0
Kepler-606,1,1,0
Kepler-607,1,1,0
Kepler-608,1,1,0
Kepler-609,1,1,0
Kepler-61,1,1,0
Kepler-610,1,2,0
Kepler-611,1,1,0
Kepler-612,1,1,0
Kepler-613,1,1,0
Kepler-614,1,1,0
Kepler-615,1,1,0
Kepler-616,1,2,0
Kepler-617,1,1,0
Kepler-618,1,1,0
Kepler-619,1,2,0
Kepler-62,1,5,0
Kepler-620,1,1,0
Kepler-621,1,1,0
Kepler-622,1,1,0
Kepler-623,1,1,0
Kepler-624,1,1,0
Kepler-625,1,2,0
Kepler-626,1,1,0
Kepler-627,1,1,0
Kepler-628,1,1,0
Kepler-629,1,1,0
Kepler-63,1,1,0
Kepler-630,1,1,0
Kepler-631,1,1,0
Kepler-632,1,1,0
Kepler-633,1,1,0
Kepler-634,1,1,0
Kepler-635,1,1,0
Kepler-636,2,1,0
Kepler-637,1,1,0
Kepler-638,1,1,0
Kepler-639,1,1,0
Kepler-640,1,1,0
Kepler-641,1,1,0
Kepler-642,1,1,0
Kepler-643,1,1,0
Kepler-644,1,1,0
Kepler-645,1,1,0
Kepler-646,1,1,0
Kepler-647,1,2,0
Kepler-648,1,1,0
Kepler-649,1,1,0
Kepler-65,1,4,0
Kepler-650,1,1,0
Kepler-651,1,1,0
Kepler-652,1,1,0
Kepler-653,1,2,0
Kepler-654,1,1,0
Kepler-655,1,1,0
Kepler-656,1,1,0
Kepler-657,1,1,0
Kepler-658,1,1,0
Kepler-659,1,1,0
Kepler-66,1,1,0
Kepler-660,1,1,0
Kepler-661,1,1,0
Kepler-662,1,1,0
Kepler-663,1,1,0
Kepler-664,1,1,0
Kepler-665,1,1,0
Kepler-666,1,1,0
Kepler-667,1,1,0
Kepler-668,1,1,0
Kepler-669,1,1,0
Kepler-67,1,1,0
Kepler-670,1,1,0
Kepler-671,1,1,0
Kepler-672,1,1,0
Kepler-673,1,1,0
Kepler-674,1,1,0
Kepler-675,1,1,0
Kepler-676,1,1,0
Kepler-677,1,1,0
Kepler-678,1,1,0
Kepler-679,1,1,0
Kepler-68,2,3,0
Kepler-680,1,1,0
Kepler-681,1,1,0
Kepler-682,1,1,0
Kepler-683,1,1,0
Kepler-684,1,1,0
Kepler-685,1,1,0
Kepler-686,1,1,0
Kepler-687,1,1,0
Kepler-688,1,1,0
Kepler-689,1,1,0
Kepler-69,1,2,0
Kepler-690,1,1,0
Kepler-691,1,1,0
Kepler-692,1,1,0
Kepler-693,2,1,0
Kepler-694,1,1,0
Kepler-695,1,1,0
Kepler-696,1,1,0
Kepler-697,1,1,0
Kepler-698,1,1,0
Kepler-699,1,1,0
Kepler-7,1,1,0
Kepler-700,1,1,0
Kepler-701,1,1,0
Kepler-702,1,1,0
Kepler-703,1,1,0
Kepler-704,1,1,0
Kepler-705,1,1,0
Kepler-706,1,1,0
Kepler-707,1,1,0
Kepler-708,1,1,0
Kepler-709,1,1,0
Kepler-710,1,1,0
Kepler-711,1,1,0
Kepler-712,1,2,0
Kepler-713,1,1,0
Kepler-714,1,1,0
Kepler-715,1,1,0
Kepler-716,1,2,0
Kepler-717,1,1,0
Kepler-718,1,1,0
Kepler-719,1,1,0
Kepler-720,1,1,0
Kepler-721,1,1,0
Kepler-722,1,2,0
Kepler-723,1,1,0
Kepler-724,1,1,0
Kepler-725,1,1,0
Kepler-726,1,1,0
Kepler-727,1,1,0
Kepler-728,1,1,0
Kepler-729,1,1,0
Kepler-730,1,2,0
Kepler-731,1,1,0
Kepler-732,1,2,0
Kepler-733,1,1,0
Kepler-734,1,1,0
Kepler-735,1,1,0
Kepler-736,1,1,0
Kepler-737,1,1,0
Kepler-738,1,1,0
Kepler-739,1,1,0
Kepler-74,1,1,0
Kepler-740,1,1,0
Kepler-741,1,1,0
Kepler-742,1,1,0
Kepler-743,2,1,0
Kepler-744,1,1,0
Kepler-745,1,1,0
Kepler-746,1,1,0
Kepler-747,1,1,0
Kepler-748,1,1,0
Kepler-749,1,1,0
Kepler-75,1,1,0
Kepler-750,1,2,0
Kepler-751,1,1,0
Kepler-752,1,1,0
Kepler-753,1,1,0
Kepler-754,1,1,0
Kepler-755,2,2,0
Kepler-756,1,1,0
Kepler-757,1,1,0
Kepler-758,1,4,0
Kepler-759,1,1,0
Kepler-76,1,1,0
Kepler-760,1,2,0
Kepler-761,1,1,0
Kepler-762,1,1,0
Kepler-763,1,1,0
Kepler-764,1,1,0
Kepler-765,1,1,0
Kepler-766,1,1,0
Kepler-767,1,1,0
Kepler-768,1,1,0
Kepler-769,1,2,0
Kepler-77,1,1,0
Kepler-770,1,3,0
Kepler-771,1,1,0
Kepler-772,1,1,0
Kepler-773,1,1,0
Kepler-774,1,1,0
Kepler-775,1,1,0
Kepler-776,1,1,0
Kepler-777,1,1,0
Kepler-778,1,1,0
Kepler-779,2,1,0
Kepler-78,2,1,0
Kepler-780,1,1,0
Kepler-781,1,1,0
Kepler-782,1,1,0
Kepler-783,1,2,0
Kepler-784,1,1,0
Kepler-785,1,1,0
Kepler-786,1,1,0
Kepler-787,1,1,0
Kepler-788,1,1,0
Kepler-789,1,1,0
Kepler-79,1,4,0
Kepler-790,1,1,0
Kepler-791,1,1,0
Kepler-792,1,1,0
Kepler-793,1,1,0
Kepler-794,1,1,0
Kepler-795,2,1,0
Kepler-796,1,1,0
Kepler-797,1,1,0
Kepler-798,1,1,0
Kepler-799,1,1,0
Kepler-8,1,1,0
Kepler-80,1,6,0
Kepler-800,1,1,0
Kepler-801,1,1,0
Kepler-802,1,1,0
Kepler-803,1,1,0
Kepler-804,1,2,0
Kepler-805,1,1,0
Kepler-806,1,1,0
Kepler-807,1,1,0
Kepler-808,1,1,0
Kepler-809,1,1,0
Kepler-81,1,3,0
Kepler-810,1,1,0
Kepler-811,1,1,0
Kepler-812,1,1,0
Kepler-813,1,1,0
Kepler-814,1,1,0
Kepler-815,1,1,0
Kepler-816,1,1,0
Kepler-817,1,1,0
Kepler-818,1,1,0
Kepler-819,1,1,0
Kepler-82,1,5,0
Kepler-820,1,1,0
Kepler-821,1,1,0
Kepler-822,1,1,0
Kepler-823,1,1,0
Kepler-824,1,1,0
Kepler-825,1,2,0
Kepler-826,1,1,0
Kepler-827,1,1,0
Kepler-828,1,1,0
Kepler-829,1,1,0
Kepler-83,2,3,0
Kepler-830,1,1,0
Kepler-831,1,1,0
Kepler-832,1,1,0
Kepler-833,1,1,0
Kepler-834,1,1,0
Kepler-835,1,1,0
Kepler-836,1,1,0
Kepler-837,1,1,0
Kepler-838,1,1,0
Kepler-839,1,1,0
Kepler-84,1,5,0
Kepler-840,1,1,0
Kepler-841,1,1,0
Kepler-842,1,1,0
Kepler-843,1,1,0
Kepler-844,1,1,0
Kepler-845,1,1,0
Kepler-846,1,1,0
Kepler-847,1,1,0
Kepler-848,1,1,0
Kepler-849,1,1,0
Kepler-85,1,4,0
Kepler-850,1,1,0
Kepler-851,1,1,0
Kepler-852,1,1,0
Kepler-853,1,1,0
Kepler-854,1,1,0
Kepler-855,1,1,0
Kepler-856,1,1,0
Kepler-857,1,1,0
Kepler-858,1,1,0
Kepler-859,1,1,0
Kepler-860,1,1,0
Kepler-861,1,1,0
Kepler-862,1,1,0
Kepler-863,1,1,0
Kepler-864,1,1,0
Kepler-865,1,1,0
Kepler-866,1,1,0
Kepler-867,1,1,0
Kepler-868,1,1,0
Kepler-869,1,1,0
Kepler-87,1,2,0
Kepler-870,1,1,0
Kepler-871,1,1,0
Kepler-872,1,1,0
Kepler-873,1,1,0
Kepler-874,1,1,0
Kepler-875,1,1,0
Kepler-876,1,1,0
Kepler-877,1,1,0
Kepler-878,1,1,0
Kepler-879,1,1,0
Kepler-880,1,1,0
Kepler-881,1,1,0
Kepler-882,1,1,0
Kepler-883,1,1,0
Kepler-884,1,1,0
Kepler-885,1,1,0
Kepler-886,1,1,0
Kepler-887,1,2,0
Kepler-888,1,1,0
Kepler-889,1,1,0
Kepler-890,1,1,0
Kepler-891,1,1,0
Kepler-892,1,1,0
Kepler-893,1,1,0
Kepler-894,1,1,0
Kepler-895,1,1,0
Kepler-896,1,1,0
Kepler-897,1,1,0
Kepler-898,1,1,0
Kepler-899,1,1,0
Kepler-9,1,3,0
Kepler-900,1,1,0
Kepler-901,1,1,0
Kepler-902,1,1,0
Kepler-903,1,2,0
Kepler-904,1,1,0
Kepler-905,1,1,0
Kepler-906,1,1,0
Kepler-907,1,1,0
Kepler-908,3,1,0
Kepler-909,1,1,0
Kepler-91,1,1,0
Kepler-910,1,1,0
Kepler-911,1,1,0
Kepler-912,1,1,0
Kepler-913,1,1,0
Kepler-914,1,1,0
Kepler-915,1,1,0
Kepler-916,1,1,0
Kepler-917,1,1,0
Kepler-918,1,1,0
Kepler-919,1,1,0
Kepler-92,1,3,0
Kepler-920,1,2,0
Kepler-921,1,1,0
Kepler-922,1,1,0
Kepler-923,1,1,0
Kepler-924,1,1,0
Kepler-925,1,1,0
Kepler-926,1,1,0
Kepler-927,1,1,0
Kepler-928,1,1,0
Kepler-929,1,1,0
Kepler-93,1,2,0
Kepler-930,1,1,0
Kepler-931,1,1,0
Kepler-932,1,1,0
Kepler-933,1,1,0
Kepler-934,1,1,0
Kepler-935,1,1,0
Kepler-936,1,1,0
Kepler-937,1,2,0
Kepler-938,1,1,0
Kepler-939,1,1,0
Kepler-94,1,2,0
Kepler-940,1,1,0
Kepler-941,1,1,0
Kepler-942,1,1,0
Kepler-943,1,1,0
Kepler-944,1,1,0
Kepler-945,1,1,0
Kepler-946,1,1,0
Kepler-947,1,1,0
Kepler-948,1,1,0
Kepler-949,1,1,0
Kepler-95,1,1,0
Kepler-950,1,1,0
Kepler-951,2,1,0
Kepler-952,1,1,0
Kepler-953,1,2,0
Kepler-954,1,1,0
Kepler-955,1,1,0
Kepler-956,1,1,0
Kepler-957,1,1,0
Kepler-958,1,1,0
Kepler-959,1,1,0
Kepler-96,1,1,0
Kepler-960,1,1,0
Kepler-961,1,1,0
Kepler-962,1,1,0
Kepler-963,1,1,0
Kepler-964,1,1,0
Kepler-965,1,1,0
Kepler-966,1,1,0
Kepler-967,1,2,0
Kepler-968,1,2,0
Kepler-969,1,2,0
Kepler-97,1,2,0
Kepler-970,2,1,0
Kepler-971,1,1,0
Kepler-972,1,1,0
Kepler-973,1,1,0
Kepler-974,1,1,0
Kepler-975,1,1,0
Kepler-976,1,1,0
Kepler-977,1,1,0
Kepler-978,1,1,0
Kepler-979,1,1,0
Kepler-98,1,1,0
Kepler-980,1,1,0
Kepler-981,1,1,0
Kepler-982,1,1,0
Kepler-983,1,1,0
Kepler-984,1,1,0
Kepler-985,1,1,0
Kepler-986,1,1,0
Kepler-987,1,1,0
Kepler-988,1,1,0
Kepler-989,1,1,0
Kepler-99,2,1,0
Kepler-990,1,2,0
Kepler-991,1,1,0
Kepler-992,1,1,0
Kepler-993,1,1,0
Kepler-994,1,1,0
Kepler-995,1,1,0
Kepler-996,1,1,0
Kepler-997,1,1,0
Kepler-998,1,1,0
Kepler-999,1,1,0
L 168-9,1,1,0
L 98-59,1,3,0
LHS 1140,1,2,0
LHS 1478,1,1,0
LHS 1815,1,1,0
LHS 3844,1,1,0
LP 714-47,1,1,0
LP 791-18,1,2,0
LSPM J2116+0234,1,1,0
LTT 1445 A,3,1,0
LTT 3780,2,2,0
LTT 9779,1,1,0
LkCa 15,1,2,0
Lupus-TR-3,1,1,0
MASCARA-1,1,1,0
MASCARA-4,2,1,0
MOA-2007-BLG-192L,1,1,0
MOA-2007-BLG-400L,1,1,0
MOA-2008-BLG-310L,1,1,0
MOA-2008-BLG-379L,1,1,0
MOA-2009-BLG-266L,1,1,0
MOA-2009-BLG-319L,1,1,0
MOA-2009-BLG-387L,1,1,0
MOA-2010-BLG-073L,1,1,0
MOA-2010-BLG-117L,1,1,0
MOA-2010-BLG-328L,1,1,0
MOA-2010-BLG-353L,1,1,0
MOA-2010-BLG-477L,1,1,0
MOA-2011-BLG-028L,1,1,0
MOA-2011-BLG-262L,1,1,0
MOA-2011-BLG-291L,1,1,0
MOA-2011-BLG-293L,1,1,0
MOA-2011-BLG-322L,1,1,0
MOA-2012-BLG-006L,1,1,0
MOA-2012-BLG-505L,1,1,0
MOA-2013-BLG-220L,1,1,0
MOA-2013-BLG-605L,1,1,0
MOA-2015-BLG-337L,1,1,0
MOA-2016-BLG-227L,1,1,0
MOA-2016-BLG-319L,1,1,0
MOA-bin-1L,1,1,0
MOA-bin-29,1,1,0
MXB 1658-298,2,1,0
NGC 2682 Sand 364,1,1,0
NGC 2682 Sand 978,1,1,0
NGC 2682 YBP 1194,1,1,0
NGC 2682 YBP 1514,1,1,0
NGC 2682 YBP 401,1,1,0
NGTS-1,1,1,0
NGTS-10,1,1,0
NGTS-11,1,1,0
NGTS-12,1,1,0
NGTS-13,1,1,0
NGTS-14 A,2,1,0
NGTS-15,1,1,0
NGTS-16,1,1,0
NGTS-17,1,1,0
NGTS-18,1,1,0
NGTS-2,1,1,0
NGTS-3 A,2,1,0
NGTS-4,1,1,0
NGTS-5,1,1,0
NGTS-6,1,1,0
NGTS-8,1,1,0
NGTS-9,1,1,0
NN Ser,2,2,0
NSVS 14256825,2,1,0
NY Vir,2,2,0
OGLE-2003-BLG-235L,1,1,0
OGLE-2005-BLG-071L,1,1,0
OGLE-2005-BLG-169L,1,1,0
OGLE-2005-BLG-390L,1,1,0
OGLE-2006-BLG-109L,1,2,0
OGLE-2007-BLG-349L A,2,1,0
OGLE-2007-BLG-368L,1,1,0
OGLE-2008-BLG-092L,2,1,0
OGLE-2008-BLG-355L,1,1,0
OGLE-2011-BLG-0173L,1,1,0
OGLE-2011-BLG-0251L,1,1,0
OGLE-2011-BLG-0265L,1,1,0
OGLE-2012-BLG-0026L,1,2,0
OGLE-2012-BLG-0358L,1,1,0
OGLE-2012-BLG-0406L,1,1,0
OGLE-2012-BLG-0563L,1,1,0
OGLE-2012-BLG-0724L,1,1,0
OGLE-2012-BLG-0838L,1,1,0
OGLE-2012-BLG-0950L,1,1,0
OGLE-2013-BLG-0102L,1,1,0
OGLE-2013-BLG-0132L,1,1,0
OGLE-2013-BLG-0341L B,2,1,0
OGLE-2013-BLG-0911L,1,1,0
OGLE-2013-BLG-1721L,1,1,0
OGLE-2013-BLG-1761L,1,1,0
OGLE-2014-BLG-0124L,1,1,0
OGLE-2014-BLG-0676L,1,1,0
OGLE-2014-BLG-1722L,1,2,0
OGLE-2014-BLG-1760L,1,1,0
OGLE-2015-BLG-0051L,1,1,0
OGLE-2015-BLG-0954L,1,1,0
OGLE-2015-BLG-0966L,1,1,0
OGLE-2015-BLG-1649L,1,1,0
OGLE-2015-BLG-1670L,1,1,0
OGLE-2015-BLG-1771L,1,1,0
OGLE-2016-BLG-0263L,1,1,0
OGLE-2016-BLG-0613L AB,2,1,0
OGLE-2016-BLG-1067L,1,1,0
OGLE-2016-BLG-1190L,1,1,0
OGLE-2016-BLG-1195L,1,1,0
OGLE-2016-BLG-1227L,1,1,0
OGLE-2017-BLG-0173L,1,1,0
OGLE-2017-BLG-0373L,1,1,0
OGLE-2017-BLG-0406L,1,1,0
OGLE-2017-BLG-0482L,1,1,0
OGLE-2017-BLG-0604L,1,1,0
OGLE-2017-BLG-1049L,1,1,0
OGLE-2017-BLG-1140L,1,1,0
OGLE-2017-BLG-1375L,1,1,0
OGLE-2017-BLG-1434L,1,1,0
OGLE-2017-BLG-1522L,1,1,0
OGLE-2018-BLG-0596L,1,1,0
OGLE-2018-BLG-0677L,1,1,0
OGLE-2018-BLG-0740L,1,1,0
OGLE-2018-BLG-1011L,1,2,0
OGLE-2018-BLG-1269L,1,1,0
OGLE-2018-BLG-1428L,1,1,0
OGLE-2018-BLG-1700L,2,1,0
OGLE-TR-10,1,1,0
OGLE-TR-111,1,1,0
OGLE-TR-113,1,1,0
OGLE-TR-132,1,1,0
OGLE-TR-182,1,1,0
OGLE-TR-211,1,1,0
OGLE-TR-56,1,1,0
OGLE2-TR-L9,1,1,0
Oph 11,1,1,0
PDS 70,1,2,0
PH1,4,1,0
PH2,1,1,0
POTS-1,1,1,0
PSR B0329+54,1,1,0
PSR B1257+12,1,3,0
PSR B1620-26,2,1,0
PSR J1719-1438,1,1,0
PSR J2322-2650,1,1,0
Pr0201,1,1,0
Pr0211,2,2,0
Proxima Cen,3,1,0
Qatar-1,1,1,0
Qatar-10,1,1,0
Qatar-2,1,1,0
Qatar-3,1,1,0
Qatar-4,1,1,0
Qatar-5,1,1,0
Qatar-6,2,1,0
Qatar-7,1,1,0
Qatar-8,1,1,0
Qatar-9,1,1,0
ROXs 12,2,1,0
ROXs 42 B,2,1,0
RR Cae,2,1,0
Ross 128,1,1,0
Ross 458,2,1,0
SR 12 AB,2,1,0
SWEEPS-11,1,1,0
SWEEPS-4,1,1,0
TAP 26,1,1,0
TCP J05074264+2447555,1,1,0
TIC 237913194,1,1,0
TOI-1130,1,2,0
TOI-122,1,1,0
TOI-1235,1,1,0
TOI-125,1,3,0
TOI-1266,1,2,0
TOI-132,1,1,0
TOI-1333,2,1,0
TOI-1338,2,1,0
TOI-1478,1,1,0
TOI-150,1,1,0
TOI-157,1,1,0
TOI-1601,1,1,0
TOI-163,1,1,0
TOI-169,1,1,0
TOI-172,1,1,0
TOI-1728,1,1,0
TOI-178,1,6,0
TOI-1899,1,1,0
TOI-201,1,1,0
TOI-216,1,2,0
TOI-237,1,1,0
TOI-251,1,1,0
TOI-257,1,1,0
TOI-270,1,3,0
TOI-421,2,2,0
TOI-451,2,3,0
TOI-481,1,1,0
TOI-519,1,1,0
TOI-540,1,1,0
TOI-561,1,5,0
TOI-564,1,1,0
TOI-628,1,1,0
TOI-640,1,1,0
TOI-677,1,1,0
TOI-700,1,3,0
TOI-763,1,2,0
TOI-776,1,2,0
TOI-813,1,1,0
TOI-824,1,1,0
TOI-837,1,1,0
TOI-849,1,1,0
TOI-892,1,1,0
TOI-905,1,1,0
TOI-942,3,2,0
TOI-954,1,1,0
TRAPPIST-1,1,7,0
TYC 0434-04538-1,1,1,0
TYC 1422-614-1,1,2,0
TYC 3318-01333-1,1,1,0
TYC 3667-1280-1,1,1,0
TYC 4282-00605-1,1,1,0
TYC 8998-760-1,1,2,0
Teegarden's Star,1,2,0
TrES-1,2,1,0
TrES-2,2,1,0
TrES-3,1,1,0
TrES-4,2,1,0
TrES-5,1,1,0
UKIRT-2017-BLG-001L,1,1,0
USco CTIO 108,1,1,0
USco1556 A,1,1,0
USco1621 A,1,1,0
UZ For,2,2,0
V0391 Peg,1,1,0
V1298 Tau,1,4,0
V830 Tau,1,1,0
VHS J125601.92-125723.9,2,1,0
WASP-1,2,1,0
WASP-10,1,1,0
WASP-100,2,1,0
WASP-101,1,1,0
WASP-103,1,1,0
WASP-104,2,1,0
WASP-105,1,1,0
WASP-106,1,1,0
WASP-107,1,2,0
WASP-11,3,1,0
WASP-113,1,1,0
WASP-114,2,1,0
WASP-117,1,1,0
WASP-118,1,1,0
WASP-119,1,1,0
WASP-12,3,1,0
WASP-120,1,1,0
WASP-121,1,1,0
WASP-123,2,1,0
WASP-124,1,1,0
WASP-126,1,2,0
WASP-127,2,1,0
WASP-129,2,1,0
WASP-13,1,1,0
WASP-130,1,1,0
WASP-131,1,1,0
WASP-132,1,1,0
WASP-133,1,1,0
WASP-135,1,1,0
WASP-136,1,1,0
WASP-138,1,1,0
WASP-139,2,1,0
WASP-14,3,1,0
WASP-140,2,1,0
WASP-141,1,1,0
WASP-142,1,1,0
WASP-144,1,1,0
WASP-145 A,2,1,0
WASP-147,1,1,0
WASP-148,1,2,0
WASP-15,1,1,0
WASP-150,1,1,0
WASP-151,1,1,0
WASP-153,1,1,0
WASP-156,1,1,0
WASP-157,1,1,0
WASP-158,1,1,0
WASP-159,1,1,0
WASP-16,1,1,0
WASP-160 B,2,1,0
WASP-161,1,1,0
WASP-162,1,1,0
WASP-163,1,1,0
WASP-164,1,1,0
WASP-165,1,1,0
WASP-166,1,1,0
WASP-167,1,1,0
WASP-168,2,1,0
WASP-169,1,1,0
WASP-17,1,1,0
WASP-170,1,1,0
WASP-171,1,1,0
WASP-172,1,1,0
WASP-173 A,2,1,0
WASP-174,1,1,0
WASP-175,1,1,0
WASP-176,1,1,0
WASP-177,1,1,0
WASP-178,1,1,0
WASP-18,2,2,0
WASP-180 A,2,1,0
WASP-181,1,1,0
WASP-182,1,1,0
WASP-183,1,1,0
WASP-184,1,1,0
WASP-185,1,1,0
WASP-186,1,1,0
WASP-187,1,1,0
WASP-19,1,1,0
WASP-190,1,1,0
WASP-192,1,1,0
WASP-2,2,1,0
WASP-20,2,1,0
WASP-21,1,1,0
WASP-22,1,1,0
WASP-23,1,1,0
WASP-24,3,1,0
WASP-25,1,1,0
WASP-26,2,1,0
WASP-28,1,1,0
WASP-29,1,1,0
WASP-3,3,1,0
WASP-31,1,1,0
WASP-32,1,1,0
WASP-33,2,1,0
WASP-34,1,1,0
WASP-35,1,1,0
WASP-36,2,1,0
WASP-37,1,1,0
WASP-38,1,1,0
WASP-39,1,1,0
WASP-4,1,1,0
WASP-41,1,2,0
WASP-42,1,1,0
WASP-43,1,1,0
WASP-44,1,1,0
WASP-45,2,1,0
WASP-46,1,1,0
WASP-47,1,4,0
WASP-48,1,1,0
WASP-49,2,1,0
WASP-5,1,1,0
WASP-50,1,1,0
WASP-52,1,1,0
WASP-53,1,2,0
WASP-54,2,1,0
WASP-55,2,1,0
WASP-56,2,1,0
WASP-57,1,1,0
WASP-58,2,1,0
WASP-59,1,1,0
WASP-6,1,1,0
WASP-60,1,1,0
WASP-61,1,1,0
WASP-62,1,1,0
WASP-63,1,1,0
WASP-64,2,1,0
WASP-65,1,1,0
WASP-66,1,1,0
WASP-67,1,1,0
WASP-68,2,1,0
WASP-69,1,1,0
WASP-7,1,1,0
WASP-70 A,2,1,0
WASP-71,1,1,0
WASP-72,1,1,0
WASP-73,1,1,0
WASP-74,1,1,0
WASP-75,2,1,0
WASP-76,2,1,0
WASP-77 A,2,1,0
WASP-78,1,1,0
WASP-79,1,1,0
WASP-8,2,2,0
WASP-80,1,1,0
WASP-81,1,1,0
WASP-82,1,1,0
WASP-83,1,1,0
WASP-84,1,1,0
WASP-85 A,2,1,0
WASP-87,2,1,0
WASP-88,1,1,0
WASP-89,1,1,0
WASP-90,1,1,0
WASP-91,1,1,0
WASP-92,1,1,0
WASP-93,1,1,0
WASP-94 A,2,2,0
WASP-94 B,2,2,0
WASP-95,1,1,0
WASP-96,1,1,0
WASP-97,1,1,0
WASP-98,2,1,0
WASP-99,1,1,0
WD 0806-661,1,1,0
WD 1856+534,3,1,0
WISEP J121756.91+162640.2 A,1,1,0
WTS-1,1,1,0
WTS-2,1,1,0
Wendelstein-1,1,1,0
Wendelstein-2,1,1,0
Wolf 1061,1,3,0
Wolf 503,1,1,0
XO-1,1,1,0
XO-2 N,2,3,0
XO-2 S,2,3,0
XO-3,1,1,0
XO-4,1,1,0
XO-5,1,1,0
XO-6,1,1,0
XO-7,1,1,0
YZ Cet,1,3,0
alf Ari,1,1,0
alf Tau,2,1,0
bet Cnc,2,1,0
bet Pic,1,2,0
bet UMi,1,1,0
eps CrB,1,1,0
eps Eri,1,1,0
eps Ind A,3,1,0
eps Tau,1,1,0
gam 1 Leo,2,1,0
gam Cep,2,1,0
gam Lib,1,2,0
iot Dra,1,1,0
kap And,1,1,0
kap CrB,1,1,0
mu Leo,1,1,0
nu Oph,1,2,0
ome Ser,2,1,0
omi CrB,1,1,0
omi UMa,2,1,0
psi 1 Dra B,3,1,0
rho CrB,1,2,0
tau Boo,2,1,0
tau Cet,1,4,0
tau Gem,1,1,0
ups And,2,3,0
xi Aql,1,1,0
